ID#	Extinction_Index_x	Extinction_Index_y	Ra(deg)	Dec(deg)	Rotation_Measure(rad/m2)	RM_Err(rad/m2)	RA_inExtincFile(degree)	Dec_inExtincFile(degree)	Extinction_Value	Error_Range(pix)	Min_Extinction_Value	Min_Extinction_Ra	Min_Extinction_Dec	Max_Extinction_Value	Max_Extinction_RA	Max_Extinction_dec	Extinction_Observed
0	1035	414	49.849410000000006	31.02869	33.777412	0.49198952	49.84736398465907	31.033523264751608	1.306603193283081	2.0	0.3080630600452423	49.82870456898132	30.982883525036193	1.8952018022537231	49.83860201829715	31.081093979697737	True
1	1032	427	49.86532000000001	31.35421	58.601063	1.4552824	49.87284305356226	31.352238937768767	0.48683249950408936	2.0	0.048647284507751465	49.881616643249714	31.30460031067864	1.967374563217163	49.86405886708175	31.399886202627535	True
2	1029	417	50.012520000000016	31.126040000000003	75.94589	0.12320466	49.99905373711245	31.123336793480743	1.2429472208023071	2.0	0.4766581058502197	49.97591058264055	31.0964695978644	1.5975838899612427	49.99471260198767	31.147146948671395	True
3	1022	438	50.08925000000001	31.64013	47.79162	0.48620918	50.101097996930115	31.645564521926307	1.001220941543579	2.0	0.6439685821533203	50.12447128557287	31.67253162250501	1.9672225713729858	50.0500588684047	31.615506490582966	True
4	1020	450	50.11581	31.944129999999998	44.810696	1.048052	50.104435723681064	31.93847516178008	0.8720928430557251	2.0	0.7897577285766602	50.1322510561965	31.941588432698957	1.6868023872375488	50.07226175902652	31.95926157660134	True
5	1018	443	50.18621	31.76695	54.01694499999999	0.62202483	50.19038981876929	31.777349144814355	0.9868234395980835	2.0	0.545486330986023	50.16262333207294	31.77426352681863	1.6637732982635498	50.1947102409388	31.75345052510222	True
6	1022	419	50.189230000000016	31.201759999999997	46.879368	0.6836968000000001	50.18308899346534	31.1922923547588	1.350156545639038	2.0	0.8644856214523315	50.12799306137144	31.186223842159865	2.34592866897583	50.16412929723763	31.14160022023707	True
7	1018	436	50.23199000000002	31.60075	49.666195	1.741888	50.22057769394473	31.610102160233954	1.5984244346618652	2.0	0.81394362449646	50.156518507812095	31.651731483983557	2.090109348297119	50.23969924782001	31.660941017345113	True
8	1022	408	50.23797000000001	30.93758	54.350894999999994	2.0099947	50.230129107970086	30.930237317876845	0.2529035806655884	2.0	0.2529035806655884	50.230129107970086	30.930237317876845	2.0595028400421143	50.18375456722811	30.876634142447948	True
9	1021	412	50.247140000000016	31.02774	45.31178	2.1725087000000003	50.24056296222726	31.02850228639926	1.8893320560455322	2.0	0.9868432283401489	50.24908726638465	30.980861040942663	2.4971930980682373	50.18556292980119	31.022488445515492	True
10	1022	405	50.24958000000001	30.848440000000004	64.24135600000001	2.5418766	50.24290424160267	30.858816228914947	1.0845348834991455	2.0	0.47249993681907654	50.23439004763879	30.90642794713966	2.1607584953308105	50.18802587142058	30.852835726772792	True
11	1019	420	50.250130000000006	31.22124	42.425503000000006	1.9913983	50.26151376157225	31.22520124799571	2.025963544845581	2.0	0.9981428384780884	50.1977868865256	31.26684507177741	2.5161783695220947	50.31243562011655	31.255077207996735	True
12	1019	410	50.30499000000001	30.99768	52.73574	0.65576845	50.30408226456972	30.98684113682444	1.9805691242218018	2.0	0.4896047115325928	50.257601309406915	30.93322905442229	2.5192151069641113	50.33158950757639	30.98982322301687	True
13	1017	408	50.37152000000002	30.951729999999998	48.591685999999996	0.6582979999999999	50.36755502861516	30.945143061029306	1.0919462442398071	2.0	0.7707745432853699	50.32103793906899	30.8915615095842	2.5192151069641113	50.33158950757639	30.98982322301687	True
14	1008	447	50.44955000000001	31.89139	51.1612	1.170221	50.45143068193665	31.903642547145648	1.7840577363967896	2.0	0.9053690433502197	50.49870169793974	31.9576062421036	1.842002511024475	50.45568191548773	31.879704490510814	True
15	1012	420	50.45063000000001	31.24205	50.628624	2.810168	50.4547480168456	31.24618158465195	1.0106050968170166	2.0	1.0106050968170166	50.4547480168456	31.24618158465195	2.5516178607940674	50.395273898612515	31.26407814821951	True
16	1009	418	50.557280000000006	31.20588	49.9847	1.1195483	50.5460373101351	31.207340048568906	1.5162607431411743	2.0	1.0702041387557983	50.482378901752945	31.2491572254284	2.2806811332702637	50.52679210884795	31.156644340064503	True
17	1002	455	50.59103000000001	32.10835	34.036564	3.3378282	50.58503941694767	32.11350796441681	0.9319931268692017	2.0	0.7830932140350342	50.52910891909458	32.107434138158325	1.5857471227645874	50.604575432591616	32.164493583077785	True
18	1016	355	50.61890000000001	29.695359999999997	20.020407000000002	2.5726080000000002	50.6149714774062	29.688645504111584	0.9801870584487915	2.0	0.8064846992492676	50.646150221898466	29.66774749982256	2.834628105163574	50.58378130301742	29.70953517571287	True
19	1019	325	50.64575000000001	28.97552	26.23560100000001	1.4145119	50.65581316648148	28.97096096548374	2.092642307281494	2.0	1.18147873878479	50.70551783507981	29.000005420788693	2.499309778213501	50.60616002272924	28.94191207760396	True
20	1018	332	50.646300000000004	29.133609999999997	75.279434	2.3367467	50.65442475632665	29.138964451116887	1.6540472507476807	2.0	0.4340372681617737	50.70020454636803	29.19169749599493	3.0861282348632812	50.60871948437868	29.086247670715323	True
21	1005	417	50.64872000000001	31.20035	42.193104	0.55164415	50.66076703583496	31.195235669660814	2.165404796600342	2.0	0.581727921962738	50.71194036038238	31.22497845877359	2.6823623180389404	50.637279864346795	31.16842203280499	True
22	1014	350	50.68300000000001	29.56505	16.960531	0.7118561999999999	50.68949873764228	29.575770730628964	1.9403306245803833	2.0	0.7890912294387817	50.75173907455563	29.533932048536926	2.0872600078582764	50.712526196049936	29.60223341528057	True
23	1003	411	50.742810000000006	31.06418	65.95874	1.8966884999999998	50.74085016692175	31.057788973135512	1.8399659395217896	2.0	1.2360581159591675	50.7173667744165	31.031012158612658	2.7573060989379883	50.760236075422135	31.108451441439772	True
24	1013	334	50.78311000000001	29.19962	22.678974	3.242579	50.78105804056122	29.19988512217318	1.2038934230804443	2.0	0.8632466197013855	50.73117455850888	29.170796152199106	2.113992214202881	50.8040165327315	29.226251856767842	True
25	1013	322	50.833200000000005	28.90758	17.563622	0.6549206	50.82902065529752	28.91638367054547	1.6312596797943115	2.0	0.7327947616577148	50.79416815230579	28.960909525443864	2.2253808975219727	50.87880418183964	28.945360531880233	True
26	993	456	50.83547000000001	32.16422	82.64536	0.20498915	50.83289734980378	32.16456257053953	1.6465412378311157	2.0	0.9086835384368896	50.852641051839825	32.21555912173675	2.2602574825286865	50.856791430009594	32.19155012932824	True
27	1005	368	50.854230000000015	30.01892	19.270973	1.8173814	50.86124054950026	30.027821819041034	0.7643551826477051	2.0	0.7114522457122803	50.842049841628224	29.977522665301798	2.6170637607574463	50.79861993726989	30.069763407695092	True
28	1011	327	50.86062000000001	29.047009999999997	60.948769999999996	2.8704107000000003	50.8629048035011	29.039848985436763	1.7021610736846924	2.0	1.2418358325958252	50.881878662238194	29.089805799875393	2.096421957015991	50.83199994556606	29.060782084830315	True
29	1009	341	50.86195000000001	29.38008	12.847766	0.42140946	50.861022428972966	29.37638848964153	2.31160569190979	2.0	0.6934880018234253	50.79893048932413	29.418277245373602	2.31160569190979	50.861022428972966	29.37638848964153	True
30	1009	337	50.87244000000001	29.28552	0.8413539000000001	0.7502289000000001	50.87699340719924	29.281710574314005	1.800459384918213	2.0	0.9300148487091064	50.85398398345666	29.255337943662802	2.223893404006958	50.907982497937724	29.260753844365418	True
31	1010	323	50.896510000000006	28.945320000000002	32.41803400000001	2.0564787	50.90569682768986	28.948037314380432	1.610483169555664	2.0	1.2652437686920166	50.936549424872894	28.92708872087452	2.2253808975219727	50.87880418183964	28.945360531880233	True
32	1003	370	50.90513000000001	30.076490000000003	29.526654999999998	0.96006024	50.90775027248307	30.080919868352296	2.2024669647216797	2.0	0.7643551826477051	50.86124054950026	30.027821819041034	3.2749462127685547	50.954336481462605	30.134031755631796	True
33	1006	349	50.907810000000005	29.576259999999998	17.01606	1.7398099999999999	50.91028683410251	29.574099892660197	1.6451449394226074	2.0	1.2378555536270142	50.84804483181657	29.616034569201773	2.9342458248138428	50.96055076816625	29.60326734581519	True
34	992	439	50.938490000000016	31.74977	31.815825	1.3071896	50.931064435547356	31.759730502977284	1.5310076475143433	2.0	0.5895103216171265	50.86701787053713	31.80180169800032	1.928154468536377	50.963069328594855	31.738680625832313	True
35	1006	341	50.94280000000001	29.384209999999996	16.057575	1.2152815000000001	50.94216050177163	29.384534469718034	2.2794249057769775	2.0	0.7805774807929993	50.977148166191455	29.339871289682577	2.664773464202881	50.93420626081357	29.431908623949813	True
36	991	439	50.97348000000001	31.75484	22.942664999999998	2.6044261000000004	50.9589750691655	31.762654057330128	1.5795271396636963	2.0	0.6220901012420654	50.89493187006096	31.804742485177762	1.9328587055206299	51.018893517231454	31.744504918229776	True
37	1008	321	50.97703000000001	28.903709999999997	56.17135	2.0899978	50.96739063031611	28.906132365535772	1.9452135562896729	2.0	0.48014357686042786	50.99822043246537	28.885168271421698	2.1021034717559814	50.99034932690749	28.932411892532564	True
38	998	370	51.03970000000001	30.10207	56.457606999999996	0.79044884	51.04430045981115	30.094748989813095	2.224785566329956	2.0	1.3097537755966187	50.99365865050166	30.065451586266473	3.419334650039673	50.98166198575069	30.136803528936042	True
39	998	370	51.04601000000001	30.10075	53.283504	0.6637403000000001	51.04430045981115	30.094748989813095	2.224785566329956	2.0	1.3097537755966187	50.99365865050166	30.065451586266473	3.419334650039673	50.98166198575069	30.136803528936042	True
40	992	411	51.046230000000016	31.091359999999998	70.849396	0.7891368000000001	51.04498933895901	31.08938568499381	1.5193850994110107	2.0	1.2663980722427368	51.053052862430945	31.04157199449021	3.0663087368011475	51.03691602926142	31.1372087435104	True
41	1002	340	51.050440000000016	29.37108	15.851020000000002	1.7409343999999998	51.054371529101985	29.371631105269387	1.4824339151382446	2.0	1.0785590410232544	51.100667502923045	29.424394425419344	2.3904457092285156	51.02335240624353	29.39263538247244	True
42	1000	349	51.06359000000001	29.580920000000003	22.610889999999998	2.2335787	51.073089472645194	29.590398217710497	1.1444165706634521	2.0	0.8629924058914185	51.010866867021754	29.63242922302412	2.544525384902954	51.022759984507836	29.561268188080494	True
43	993	395	51.075500000000005	30.704309999999996	51.28159	0.627501	51.081671163610025	30.704346266799266	2.6388044357299805	2.0	1.1436095237731934	51.03059968148066	30.67487410375094	4.353403568267822	51.13279624117765	30.73381133002252	True
44	993	395	51.08218000000001	30.70161	52.647569999999995	0.4584281	51.081671163610025	30.704346266799266	2.6388044357299805	2.0	1.1436095237731934	51.03059968148066	30.67487410375094	4.353403568267822	51.13279624117765	30.73381133002252	True
45	991	402	51.098070000000014	30.876379999999997	39.67677	1.9283152	51.10881355389361	30.877111946383046	2.8515548706054688	2.0	1.5300116539001465	51.156080431752315	30.93052012698007	3.391890048980713	51.172034601595584	30.834933557084145	True
46	998	359	51.10239000000001	29.82811	72.161835	2.736049	51.08796120148713	29.833238076489938	1.9010851383209229	2.0	1.2566020488739014	51.04143078726365	29.780286939025817	2.5384438037872314	51.029519818300656	29.85154119702456	True
47	991	402	51.10568000000001	30.87309	42.201865999999995	1.5336493	51.10881355389361	30.877111946383046	2.8515548706054688	2.0	1.5300116539001465	51.156080431752315	30.93052012698007	3.391890048980713	51.172034601595584	30.834933557084145	True
48	985	435	51.14155000000001	31.683359999999997	27.209064	0.5804331	51.14274021021501	31.684124869027503	1.7148094177246094	2.0	0.8766356706619263	51.15080948443038	31.6361614144598	2.2165794372558594	51.17066273521491	31.686997219565097	True
49	984	436	51.163900000000005	31.70103	29.675201	1.2092668	51.16663248526835	31.710985137132532	1.6292734146118164	2.0	0.6216522455215454	51.18651766479199	31.761842996502214	2.2165794372558594	51.17066273521491	31.686997219565097	True
50	985	426	51.16868000000001	31.47908	45.368946	1.3684016	51.17897442118407	31.468357977543917	1.742984414100647	2.0	1.0689300298690796	51.20281618852224	31.495171976379137	2.925178289413452	51.127323083361844	31.438692658761312	True
51	993	370	51.169050000000006	30.109579999999998	37.604088	1.9269009	51.18100195601703	30.108448180413962	2.0451316833496094	2.0	1.2881336212158203	51.239651385475824	30.09008354145983	2.677961587905884	51.173110281133944	30.156060119838084	True
52	1001	313	51.174720000000015	28.742359999999998	35.52494	1.507241	51.186832468652376	28.73560626859104	1.7583539485931396	2.0	1.0523771047592163	51.19457230203603	28.688383198749754	2.764468193054199	51.20984295476599	28.761823981185902	True
53	993	365	51.192580000000014	29.988670000000003	36.406006	0.49228459999999996	51.20068982386256	29.989465337529996	3.2515997886657715	2.0	0.6025618314743042	51.25924991951986	29.971085000027788	3.48875093460083	51.2046203307644	29.96567689179191	True
54	988	400	51.193730000000016	30.82878	51.536552	2.0400044999999998	51.19965236048994	30.837724579251308	3.5842127799987793	2.0	1.7936886548995972	51.24698147784741	30.891096480024256	6.2491841316223145	51.26282131639104	30.795494084607736	True
55	988	400	51.20127000000001	30.82824	52.368637	1.277525	51.19965236048994	30.837724579251308	3.5842127799987793	2.0	1.7936886548995972	51.24698147784741	30.891096480024256	6.2491841316223145	51.26282131639104	30.795494084607736	True
56	1000	312	51.229290000000006	28.7047	-41.470215	0.22047675	51.21757235368807	28.71458887359445	1.4872163534164429	2.0	0.8938758969306946	51.19843880427287	28.664776361542234	2.764468193054199	51.20984295476599	28.761823981185902	True
57	995	339	51.242380000000004	29.36937	68.53305999999999	3.7138765	51.2479028068717	29.3665894891891	1.4367358684539795	2.0	1.3611171245574951	51.27888835312722	29.345521571252874	2.202059745788574	51.213007993990445	29.411361576361298	True
58	999	313	51.24895000000001	28.75337	43.315563	2.3454485000000003	51.240590893365756	28.74079857882306	1.438032865524292	2.0	1.0523771047592163	51.19457230203603	28.688383198749754	2.764468193054199	51.20984295476599	28.761823981185902	True
59	978	455	51.25587000000001	32.17657	19.691303	1.6841162	51.258230836912	32.1846232050543	1.2655880451202393	2.0	0.4103398323059082	51.23817822878204	32.133643846519405	2.5832879543304443	51.31449618451852	32.19040068607376	True
60	981	426	51.29218000000001	31.47676	28.370295000000002	0.026800664	51.290411277661086	31.479707479000183	2.1447160243988037	2.0	1.3288897275924683	51.2266778326602	31.521988520245667	2.77765154838562	51.32623045353334	31.4345775640029	True
61	997	312	51.298680000000004	28.734240000000003	11.125509	2.0810559	51.298213439682826	28.722346675248946	1.4773342609405518	2.0	1.438032865524292	51.240590893365756	28.74079857882306	2.4564504623413086	51.23673255888545	28.764420584288473	True
62	995	323	51.30032000000001	28.987040000000004	43.826855	2.9718240000000002	51.309792302770276	28.987599097519574	2.077472448348999	2.0	0.8645396828651428	51.27895327972935	29.008657689503142	2.1784307956695557	51.36760419860023	28.96912292118719	True
63	994	327	51.312760000000004	29.091959999999997	62.327132999999996	2.7666042	51.32139145551146	29.08488421328953	1.674418568611145	2.0	0.8930047154426575	51.271229425473464	29.05598975935806	2.051058530807495	51.32524165615211	29.061207867168825	True
64	990	358	51.319060000000015	29.8315	46.179394	2.9739459999999998	51.30996816180603	29.831055720699883	1.758995532989502	2.0	1.0879578590393066	51.28269088150089	29.82837689531909	2.7553679943084717	51.3138590957484	29.807277808734337	True
65	981	418	51.32284000000001	31.28663	27.203108	1.9176736	51.322195612463716	31.287971702124164	2.440863609313965	2.0	1.6987754106521606	51.31426405826952	31.33589203545752	3.4536209106445312	51.32615776696681	31.264014975998357	True
66	992	324	51.39706	29.026320000000002	24.602392000000002	0.63623834	51.38694026454145	29.019050957212045	1.0894156694412231	2.0	0.9108432531356812	51.35993486415085	29.01646009813682	2.1784307956695557	51.36760419860023	28.96912292118719	True
67	984	369	51.42621000000001	30.10618	28.290134000000002	1.0230142	51.43131398843279	30.108949365849025	7.096508979797363	2.0	2.91120982170105	51.38429224920867	30.05594876118776	7.641725540161133	51.45871804416532	30.111623497893067	True
68	990	330	51.42660000000001	29.166459999999997	22.081966	1.5264218	51.41804251278149	29.166353686619612	0.804385781288147	2.0	0.616728663444519	51.445110780362036	29.168946736329666	2.2301571369171143	51.41038244429444	29.213756429810022	True
69	973	446	51.43404000000002	31.980859999999996	16.710455	2.68187	51.43473790952099	31.98255986662406	1.597557544708252	2.0	0.8523803353309631	51.45490351436177	32.0334910148376	2.2073638439178467	51.49881289885878	31.940135053066026	True
70	989	329	51.46178000000001	29.145970000000002	14.550175	0.74498224	51.448929792555994	29.14524700239469	0.9311642646789551	2.0	0.616728663444519	51.445110780362036	29.168946736329666	2.3683881759643555	51.40247591675782	29.092682622505624	True
71	974	425	51.49614000000002	31.48528	23.760372	1.7891058000000002	51.48958798867722	31.47535873591891	2.758617877960205	2.0	1.8786991834640503	51.53759319665215	31.528920069708196	4.243882179260254	51.44166236296533	31.421807083839333	True
72	989	313	51.50229000000001	28.755129999999998	25.997507000000002	2.527556	51.50972748864504	28.766465972931712	1.1641110181808472	2.0	0.8866176605224609	51.567388826819844	28.747887227692573	2.3552117347717285	51.556085088888565	28.818856102179392	True
73	969	453	51.51826000000001	32.17038	68.29209	1.5218247999999999	51.51952812825915	32.16229938325301	1.7188221216201782	2.0	0.6322532296180725	51.55557706897538	32.11699494080953	2.137305498123169	51.49532267998558	32.13539548730729	True
74	987	321	51.52349000000001	28.96841	27.497583000000002	2.3730621	51.533417403565736	28.96087793932881	1.3119453191757202	2.0	0.311612069606781	51.594991433757095	28.918613470099036	2.179182291030884	51.4755996099757	28.979433590596578	True
75	980	371	51.53274000000002	30.17479	24.150707	1.2524246	51.53328131313331	30.16729619447867	4.2830071449279785	2.0	2.3609113693237305	51.55304678362896	30.217653317340705	6.543742656707764	51.56839305181231	30.1222673819716	True
76	971	424	51.57442000000002	31.45662	32.20207	1.0470768	51.57723285858816	31.459684207242955	2.709388256072998	2.0	2.2891387939453125	51.549319348228494	31.456916994193268	4.916759967803955	51.62919605133494	31.48920916802236	True
77	971	424	51.58042000000001	31.454909999999998	33.87937	0.7868045	51.57723285858816	31.459684207242955	2.709388256072998	2.0	2.2891387939453125	51.549319348228494	31.456916994193268	4.916759967803955	51.62919605133494	31.48920916802236	True
78	984	326	51.58412000000001	29.08432	34.07297	1.9670372	51.59564815461985	29.08699885880455	2.0831024646759033	2.0	0.8475971221923828	51.65355457659815	29.068389428507565	2.6743357181549072	51.591874025386396	29.110703739114328	True
79	984	326	51.588370000000005	29.082659999999997	37.52665	2.5987318	51.59564815461985	29.08699885880455	2.0831024646759033	2.0	0.8475971221923828	51.65355457659815	29.068389428507565	2.6743357181549072	51.591874025386396	29.110703739114328	True
80	982	337	51.59432000000001	29.36332	34.20536	1.3774347	51.60832750506961	29.353078293747238	1.6226264238357544	2.0	0.8450725674629211	51.588741130937066	29.303028292352803	2.524669885635376	51.54640924313284	29.395396584843773	True
81	985	313	51.63153000000001	28.77465	30.23385	2.2898476000000003	51.61754137764045	28.776595027785735	1.4126132726669312	2.0	0.8866176605224609	51.567388826819844	28.747887227692573	2.3552117347717285	51.556085088888565	28.818856102179392	True
82	973	355	51.781270000000006	29.81535	15.281948000000002	1.536551	51.785846580241234	29.804330455187326	3.035245180130005	2.0	1.6842384338378906	51.7273767584889	29.82297655200966	4.886490821838379	51.83308973457546	29.857134200708327	True
83	977	323	51.795270000000016	29.022609999999997	20.549303	0.1668932	51.79641981479489	29.03359861543489	1.7482078075408936	2.0	1.1080923080444336	51.7347987593144	29.0759903316145	2.009415864944458	51.78898968551839	29.081032410297645	True
84	973	351	51.80401000000001	29.706490000000002	41.139507	2.6001506	51.80084132395412	29.709075630356878	1.2776564359664917	2.0	1.2776564359664917	51.80084132395412	29.709075630356878	2.4084630012512207	51.79334844251021	29.756697362569568	True
85	971	359	51.81703	29.907490000000003	26.5859	0.77248985	51.825601153796775	29.904801028171438	3.9216930866241455	2.0	1.628404140472412	51.8878665451394	29.862272568293765	4.886490821838379	51.83308973457546	29.857134200708327	True
86	960	437	51.834610000000005	31.80377	35.610188	1.3858976	51.834983643482985	31.802353904533422	2.091397762298584	2.0	1.2723474502563477	51.77496194866219	31.820920510949446	2.2924177646636963	51.78652163863959	31.748758937791724	True
87	960	437	51.835150000000006	31.80848	37.34995	1.0409883	51.834983643482985	31.802353904533422	2.091397762298584	2.0	1.2723474502563477	51.77496194866219	31.820920510949446	2.2924177646636963	51.78652163863959	31.748758937791724	True
88	960	437	51.84136	31.804240000000004	33.099133	1.7370801	51.834983643482985	31.802353904533422	2.091397762298584	2.0	1.2723474502563477	51.77496194866219	31.820920510949446	2.2924177646636963	51.78652163863959	31.748758937791724	True
89	963	411	51.84522000000001	31.16793	51.124153	2.8528917000000003	51.85037540087535	31.16951031024966	2.87424635887146	2.0	1.4229145050048828	51.885819621805375	31.124202929458978	2.969212532043457	51.82251943148056	31.1668249100402	True
90	967	373	51.87394000000001	30.24705	34.380287	0.42427173	51.88300819967561	30.249212673806568	15.614900588989258	2.0	3.2086188793182373	51.93061654482816	30.302185852742298	15.614900588989258	51.88300819967561	30.249212673806568	True
91	959	420	51.91465000000001	31.40258	29.342117	0.40980527	51.927842162037116	31.39633087728917	2.8716089725494385	2.0	1.66152822971344	51.9074810486036	31.345601928874483	7.008719444274902	51.97621335425424	31.449757120996345	True
92	966	371	51.92582000000001	30.19466	32.506440000000005	0.35178503	51.91801541566994	30.2040362271294	9.586883544921875	2.0	3.008192777633667	51.9656283759424	30.256982368897376	15.614900588989258	51.88300819967561	30.249212673806568	True
93	961	402	51.93425000000001	30.94952	50.748184	1.5402303999999998	51.940080137557594	30.958972605261582	1.9695948362350464	2.0	1.3269912004470825	51.880714107647925	30.97764170226906	3.084160089492798	52.003179976645725	30.916293696190074	True
94	972	324	51.939580000000014	29.066029999999998	7.3921800000000015	0.61656773	51.92824269059261	29.069816901840518	2.5431344509124756	2.0	0.7724379301071167	51.93559176531212	29.022361532527235	2.688401699066162	51.92456487746872	29.09354919756931	True
95	958	402	52.01503	30.97761	44.59000800000001	2.8490808	52.02349988304108	30.96688638959032	2.729243755340576	2.0	2.3095479011535645	51.96788091370672	30.961616081346463	4.292407512664795	52.082865121918346	30.948144767877693	True
96	967	335	52.01607000000001	29.34535	6.031395400000001	2.3368716	52.023766045395895	29.343567080104588	0.8024978637695312	2.0	0.6290010213851929	52.02010277987885	29.367346442587607	2.1185808181762695	52.058307183432916	29.298501983023375	True
97	966	339	52.028430000000014	29.44414	26.503753999999997	0.11504466	52.036367560072236	29.44120350958962	1.1627353429794312	2.0	0.6729912161827087	52.08362006126255	29.493792129310577	2.1186578273773193	51.98183771651578	29.43619611943002	True
98	966	321	52.09405000000001	29.001659999999998	9.5767355	1.2445393	52.101951742448264	29.01342551408704	2.6232306957244873	2.0	1.530798316001892	52.08208245427139	28.963509435872623	2.6232306957244873	52.101951742448264	29.01342551408704	True
99	966	321	52.09914000000002	29.005190000000002	4.446896	1.409529	52.101951742448264	29.01342551408704	2.6232306957244873	2.0	1.530798316001892	52.08208245427139	28.963509435872623	2.6232306957244873	52.101951742448264	29.01342551408704	True
100	957	391	52.10475000000002	30.71353	44.256733000000004	1.9667773999999998	52.09223673562424	30.70579389517863	2.8437857627868652	2.0	2.0661962032318115	52.03305886762237	30.72455200383839	4.829814434051514	52.151403059046146	30.68700531324067	True
101	966	321	52.111300000000014	29.018140000000002	5.0181336	2.4309118	52.101951742448264	29.01342551408704	2.6232306957244873	2.0	1.530798316001892	52.08208245427139	28.963509435872623	2.6232306957244873	52.101951742448264	29.01342551408704	True
102	955	399	52.11468000000001	30.8918	58.283092	2.6672022	52.118109998701726	30.902780180897512	3.8069186210632324	2.0	2.866572618484497	52.17373806992175	30.907978355564893	5.156177043914795	52.12552422245233	30.85481259869946	True
103	965	320	52.121130000000015	28.981509999999997	37.412426	1.453107	52.132701032768466	28.992133181825015	2.09975528717041	2.0	1.392264485359192	52.08570883715404	28.939781993953133	2.8648600578308105	52.179768036856366	29.044498262557767	True
104	955	397	52.12625000000001	30.8459	51.359004999999996	0.28631422	52.12552422245233	30.85481259869946	5.156177043914795	2.0	2.866572618484497	52.17373806992175	30.907978355564893	5.156177043914795	52.12552422245233	30.85481259869946	True
105	955	397	52.13153000000001	30.84587	51.18486	0.24236684	52.12552422245233	30.85481259869946	5.156177043914795	2.0	2.866572618484497	52.17373806992175	30.907978355564893	5.156177043914795	52.12552422245233	30.85481259869946	True
106	955	397	52.138790000000014	30.8443	51.317165	0.29495022	52.12552422245233	30.85481259869946	5.156177043914795	2.0	2.866572618484497	52.17373806992175	30.907978355564893	5.156177043914795	52.12552422245233	30.85481259869946	True
107	962	335	52.15028000000001	29.365540000000003	29.214005	0.03388425	52.16000459703709	29.355966209209925	2.3192174434661865	2.0	1.1624623537063599	52.09821047639082	29.398600163285966	2.3192174434661865	52.16000459703709	29.355966209209925	True
108	954	396	52.15879000000002	30.836	51.189194	0.062151324	52.15701487196774	30.833426168475754	4.208803653717041	2.0	2.874234199523926	52.21628307128795	30.814611007949992	6.557312965393066	52.19217590095103	30.78805071416733	True
109	954	396	52.16818000000001	30.83172	50.811924	0.038319427999999996	52.15701487196774	30.833426168475754	4.208803653717041	2.0	2.874234199523926	52.21628307128795	30.814611007949992	6.557312965393066	52.19217590095103	30.78805071416733	True
110	949	430	52.17958000000001	31.65348	81.77724	2.3813837	52.17049642195559	31.663548071884748	4.458932876586914	2.0	1.8379199504852295	52.1630299283136	31.711704415237204	4.458932876586914	52.17049642195559	31.663548071884748	True
111	959	341	52.21766	29.509259999999998	14.833607	2.765027	52.22017489551706	29.506195430317824	2.503032922744751	2.0	1.702994465827942	52.20009010008853	29.456101468214463	2.9006187915802	52.24389616548652	29.53248218138888	True
112	958	342	52.230700000000006	29.52873	18.711405	0.8772673000000001	52.24389616548652	29.53248218138888	2.9006187915802	2.0	1.316101312637329	52.30217377457937	29.513574922502194	3.1013805866241455	52.23667725638789	29.58013442260427	True
113	945	424	52.29434000000002	31.53165	42.925426	1.1748345	52.30507472496741	31.529645617249457	6.927295684814453	2.0	4.478126049041748	52.353886259593295	31.583029733642277	7.633821964263916	52.28069895424673	31.502956545129695	True
114	948	402	52.29890000000002	31.00102	53.184303	3.93981	52.30194012605947	30.992903881599233	3.3742024898529053	2.0	2.647296667098999	52.36497824993807	30.950008664952836	3.8308212757110596	52.26673098508128	31.03835249161529	True
115	946	407	52.334620000000015	31.11236	45.12872700000001	1.5170709999999998	52.33945355431711	31.118162546893043	4.0688066482543945	2.0	3.1574058532714844	52.40258551711588	31.07523653555429	6.085192680358887	52.36008458174029	31.168807268823787	True
116	943	417	52.37863000000001	31.36905	72.88199	3.9685687999999995	52.38684511071441	31.36637253953389	4.973970890045166	2.0	3.197033405303955	52.43562850608507	31.41967425312772	8.426155090332031	52.33814136567937	31.313079042134046	True
117	943	385	52.49627	30.6062	33.409813	2.3632126	52.50257152394906	30.597618394884446	2.80450439453125	2.0	1.724844217300415	52.55097344802326	30.650589878789443	3.89239501953125	52.5652337808893	30.55463601545473	True
118	943	386	52.49979000000002	30.6105	35.0655	1.8375039	52.49898917110426	30.621602840929334	2.6438422203063965	2.0	1.724844217300415	52.55097344802326	30.650589878789443	3.6728219985961914	52.436255089744634	30.664552055361643	True
119	943	383	52.51526000000001	30.54888	21.14425	3.1336575	52.509729697332745	30.54965735689835	3.737828254699707	2.0	1.8391302824020386	52.55810795267443	30.602607712004435	4.570880889892578	52.56879344620884	30.530654114158846	True
120	943	383	52.515960000000014	30.55472	18.369112	3.6427302000000004	52.509729697332745	30.54965735689835	3.737828254699707	2.0	1.8391302824020386	52.55810795267443	30.602607712004435	4.570880889892578	52.56879344620884	30.530654114158846	True
121	939	410	52.52029000000001	31.19632	18.961976999999997	3.6595461000000014	52.524264261718116	31.208216478990018	2.9040842056274414	2.0	1.4347015619277954	52.54865946666055	31.234818810225974	4.513099193572998	52.496278288744534	31.20566901862944	True
122	943	383	52.52152	30.551440000000003	30.616493	0.9859810999999999	52.509729697332745	30.54965735689835	3.737828254699707	2.0	1.8391302824020386	52.55810795267443	30.602607712004435	4.570880889892578	52.56879344620884	30.530654114158846	True
123	942	385	52.52382000000001	30.603920000000002	33.415092	2.0942867	52.53033697894519	30.60011581807437	2.3862595558166504	2.0	1.198399543762207	52.57876613451719	30.6530815558429	3.8934788703918457	52.59299407450067	30.557117063709978	True
124	942	383	52.53309000000001	30.548029999999997	34.6484	0.17040344	52.53747898470368	30.552149445092383	3.7501380443573	2.0	1.8391302824020386	52.55810795267443	30.602607712004435	5.720118999481201	52.60009507239864	30.50915059585845	True
125	942	383	52.537940000000006	30.54715	34.9246	0.15143664	52.53747898470368	30.552149445092383	3.7501380443573	2.0	1.8391302824020386	52.55810795267443	30.602607712004435	5.720118999481201	52.60009507239864	30.50915059585845	True
126	937	418	52.54026	31.4094	2.6460364	1.9854977999999999	52.55148606258507	31.405867014959636	2.0501699447631836	2.0	1.8211278915405273	52.527034785594616	31.37923234433219	2.9338295459747314	52.48811848375247	31.44890243302639	True
127	939	398	52.57639000000001	30.92626	-0.73266274	4.358555	52.56734771994393	30.91971237809871	1.8935058116912842	2.0	1.523654580116272	52.61601382432468	30.972796219236113	4.640356063842773	52.63025698164462	30.876666432087436	True
128	934	433	52.58012	31.77265	6.861953	2.3480859	52.58176194497921	31.77510029881996	2.7736427783966064	2.0	1.3603296279907227	52.61357600565491	31.753549789978127	8.55915641784668	52.5253582122421	31.769933996626904	True
129	933	433	52.602450000000005	31.7878	14.912435	0.87641144	52.60997232048004	31.7776746886463	2.9808521270751953	2.0	1.3603296279907227	52.61357600565491	31.753549789978127	7.53810977935791	52.553557238247635	31.772520066641587	True
130	931	437	52.65380000000001	31.87367	-2.0923561999999998	3.0799553	52.65203996463788	31.879348964849672	2.556478500366211	2.0	1.162459373474121	52.7121463359319	31.860333609946103	3.893544912338257	52.602758264155966	31.82593114675363	True
131	933	422	52.66157000000001	31.51275	16.324728	2.888616	52.649490765237466	31.51242494859297	2.1861984729766846	2.0	1.7555168867111206	52.65664718399583	31.464227508709012	2.973977565765381	52.698613089894636	31.56571508579476	True
132	939	368	52.67073000000002	30.19187	29.723274	3.859053	52.67368682912193	30.200065945655254	0.7857041358947754	2.0	0.7857041358947754	52.67368682912193	30.200065945655254	2.294623851776123	52.65307862691614	30.149744717363028	True
133	930	424	52.74033000000002	31.568009999999997	33.8143	3.9287004	52.72676525901977	31.568248098797508	3.2389278411865234	2.0	2.089597702026367	52.705745069791	31.51749777956911	3.751800060272217	52.75137037874324	31.59489269406576	True
134	930	416	52.75047000000001	31.368129999999997	23.443678	3.5978567999999997	52.75517405801168	31.375413693374597	1.928282618522644	2.0	0.8527014851570129	52.76225442088591	31.3272286296293	2.178158760070801	52.723536618359944	31.39699524163213	True
135	927	427	52.79483000000002	31.65152	9.39862	3.233206	52.80064079906181	31.64818709714719	3.6945583820343018	2.0	2.280054807662964	52.74069934054072	31.667258602091984	3.751800060272217	52.75137037874324	31.59489269406576	True
136	925	444	52.79718000000001	32.05842	24.229614	2.0291417000000003	52.79680948603793	32.06381075408766	1.491093397140503	2.0	1.1826506853103638	52.860607946084116	32.02055712467424	3.0427143573760986	52.761316239846096	32.1095957172271	True
137	925	438	52.80512	31.9214	48.17495	0.62138414	52.818141665355284	31.918822433114716	1.653225302696228	2.0	1.5346996784210205	52.811039760871346	31.96714321003527	2.335158586502075	52.871220084014226	31.94805045598973	True
138	931	392	52.82475000000001	30.79208	53.984215	1.0780324	52.811679411751975	30.795389029499564	2.852445602416992	2.0	1.6717681884765625	52.748885002517234	30.838534781669438	7.721045970916748	52.81867272425893	30.747328214868936	True
139	930	392	52.82956000000001	30.79073	54.16967800000001	0.9420521999999999	52.839567478267675	30.797838045165015	1.821968674659729	2.0	1.3705298900604248	52.88840711536952	30.850805924094992	7.721045970916748	52.81867272425893	30.747328214868936	True
140	929	403	52.842790000000015	31.05725	27.631788	2.3246377000000003	52.829025060082245	31.064855376432334	1.9458383321762085	2.0	0.8463230729103088	52.80806534969077	31.014261513692677	2.9971563816070557	52.8780257670952	31.117929821261285	True
141	923	435	52.88883000000001	31.852959999999996	53.922523	2.5482283	52.88533891532934	31.85140548883521	1.639056921005249	2.0	1.3168745040893555	52.88886315692735	31.827249766880534	2.354797601699829	52.92065715435565	31.805606098254287	True
142	922	437	52.909630000000014	31.907290000000003	42.547523	1.7311772	52.90658949770251	31.902243828201506	1.993356466293335	2.0	1.2291847467422485	52.92787062091773	31.953095472184135	2.5679538249969482	52.970221816039164	31.858932879108536	True
143	928	387	52.913360000000004	30.67597	30.350515	1.0882623	52.91270453910031	30.682547616561436	2.124305486679077	2.0	1.7882975339889526	52.97532701470984	30.63931971275174	7.281025409698486	52.850029728652174	30.725742882827124	True
144	928	387	52.91435000000001	30.67189	31.606945	1.0716676	52.91270453910031	30.682547616561436	2.124305486679077	2.0	1.7882975339889526	52.97532701470984	30.63931971275174	7.281025409698486	52.850029728652174	30.725742882827124	True
145	928	387	52.918630000000014	30.67545	30.563246000000003	0.94337994	52.91270453910031	30.682547616561436	2.124305486679077	2.0	1.7882975339889526	52.97532701470984	30.63931971275174	7.281025409698486	52.850029728652174	30.725742882827124	True
146	924	403	52.97608000000001	31.07814	0.9342431000000001	2.9177618	52.96902561542232	31.077130352803508	2.19769549369812	2.0	1.723378300666809	52.94795633440796	31.026538968400068	4.369705677032471	53.02851082513264	31.0579175231185	True
147	925	376	53.03296000000001	30.43473	45.94278	4.122267	53.03401434716774	30.42555763811981	1.7818940877914429	2.0	1.313866138458252	53.08279502899475	30.478328605957127	3.4921159744262695	53.00622999309675	30.423177881433645	True
148	923	386	53.04498000000001	30.66222	47.395042	2.952233	53.055496499309584	30.67054818646199	2.258028030395508	2.0	1.5721112489700317	53.00661860070518	30.617693583842538	3.783714532852173	53.0833783330058	30.67293677242724	True
149	917	431	53.06639000000002	31.75768	52.043163	1.1607857	53.06903601494948	31.769735365500594	1.784237027168274	2.0	1.4653620719909668	53.0938652750812	31.79637173383291	2.8416807651519775	53.019437970741635	31.716467127798122	True
150	917	430	53.07485000000001	31.75597	50.211605	0.33157548	53.07250106810839	31.745573072744197	1.6916640996932983	2.0	1.2191386222839355	53.07942473906588	31.697255292112175	2.8416807651519775	53.019437970741635	31.716467127798122	True
151	919	403	53.105150000000016	31.086759999999998	48.734623	0.41696116	53.1091611326239	31.089262570688557	3.457828998565674	2.0	1.9214887619018555	53.04620679943169	31.13260519748111	9.447843551635742	53.08798233118833	31.03867406360653	True
152	914	433	53.14973000000002	31.8378	74.38410999999998	4.1611996	53.1470305036995	31.825472103072048	1.7315526008605957	2.0	0.9458194971084595	53.0834760974402	31.86888654670347	1.8632737398147583	53.20710545537641	31.80619980258839	True
153	913	434	53.167040000000014	31.8621	64.12156999999999	0.20203263	53.17191402223962	31.852107989595368	1.4972474575042725	2.0	0.8832589387893677	53.10834445085679	31.89553876769272	1.9376671314239502	53.1933842583539	31.902931556840034	True
154	913	434	53.16751000000001	31.853009999999998	64.93348	0.26323026	53.17191402223962	31.852107989595368	1.4972474575042725	2.0	0.8832589387893677	53.10834445085679	31.89553876769272	1.9376671314239502	53.1933842583539	31.902931556840034	True
155	913	433	53.167950000000005	31.833779999999997	56.74048000000001	3.1260312000000003	53.17535171950623	31.827928710334255	1.6749823093414307	2.0	0.966970682144165	53.11180335064756	31.871360139173483	1.9219152927398682	53.23201038101365	31.8328241147593	True
156	920	372	53.17493000000002	30.33564	34.854335999999996	0.30095518	53.18650027841009	30.341319082680293	2.270000457763672	2.0	1.8482543230056763	53.23536608735812	30.394017774814493	2.887296676635742	53.21428353865094	30.34365539025141	True
157	913	434	53.17950000000001	31.84918	70.254776	1.1324768	53.17191402223962	31.852107989595368	1.4972474575042725	2.0	0.8832589387893677	53.10834445085679	31.89553876769272	1.9376671314239502	53.1933842583539	31.902931556840034	True
158	915	416	53.18996000000001	31.413079999999997	47.369877	3.8665182999999996	53.17711694508196	31.41239863556825	3.900543451309204	2.0	2.647878885269165	53.20187966790416	31.438955294621206	6.760305404663086	53.12765142527464	31.359290282271846	True
159	912	428	53.22401000000001	31.720340000000004	47.983276000000004	0.42385936	53.22079264310935	31.70950410385381	2.1664698123931885	2.0	1.2518079280853271	53.24225994720234	31.760284532339202	2.7208316326141357	53.28417464997007	31.666018014338952	True
160	913	413	53.25366000000001	31.338440000000002	15.148098999999998	3.4299779999999997	53.24366045682647	31.34482569417642	5.3209757804870605	2.0	3.381025791168213	53.190769718408156	31.315882990005555	10.675795555114746	53.30673360273121	31.301351439381072	True
161	914	394	53.27499000000002	30.879070000000002	44.637570000000004	1.0897276000000002	53.27978273826316	30.884413214752563	3.7426960468292236	2.0	1.966098427772522	53.230563665611314	30.831532169630876	6.947688102722168	53.335778081551524	30.889123332520512	True
162	914	392	53.28603000000001	30.84678	66.94268000000001	3.2243432999999997	53.28650502820361	30.83625501292874	2.2195489406585693	2.0	1.8016620874404907	53.233938225240784	30.807461981148506	6.947688102722168	53.335778081551524	30.889123332520512	True
163	913	390	53.32389000000001	30.7891	39.42310300000001	4.3150487	53.32118109794631	30.790455046621016	2.908586263656616	2.0	1.9136637449264526	53.261898037754406	30.80982372522834	4.737669467926025	53.370456243941724	30.843296611012022	True
164	907	433	53.34784000000002	31.835990000000002	66.18866	2.4720726	53.34539227870503	31.842543562259873	1.05868399143219	2.0	0.6018467545509338	53.34200543818501	31.866738023977742	2.036426067352295	53.352159652012205	31.794161397321666	True
165	914	362	53.37714000000002	30.10605	37.9822	1.1632843000000002	53.38635952472973	30.115161973626822	1.306583285331726	2.0	0.6570478677749634	53.44511106877226	30.095714092530805	1.7055490016937256	53.41080126984776	30.14143911915244	True
166	909	411	53.37786000000001	31.29963	22.006262	1.1694895	53.36304331662208	31.306112246661034	10.369733810424805	2.0	6.311123847961426	53.4260499053001	31.262571106764774	11.724308013916016	53.331519679695774	31.327870246484373	True
167	910	373	53.46216000000001	30.384009999999996	32.582592	3.7406614	53.46127850924162	30.388466284293617	1.887822151184082	2.0	0.6545319557189941	53.52023946492232	30.368987585136	2.1737470626831055	53.40230315511066	30.407915498441824	True
168	909	378	53.465050000000005	30.520220000000002	50.113859999999995	2.1557459999999997	53.472699332392466	30.510974614796165	1.6913213729858398	2.0	1.0513930320739746	53.5284823334817	30.51554858211415	2.1278858184814453	53.49402187594294	30.56137847187496	True
169	906	407	53.473050000000015	31.22038	36.290054	3.5273595	53.46085724822238	31.21665234193741	4.282991886138916	2.0	2.03855037689209	53.436048245816146	31.190171537750192	8.485061645507812	53.40124186328195	31.236077075010975	True
170	912	349	53.481110000000015	29.800990000000002	21.398557999999998	2.0211868	53.48432707859638	29.80795480432488	0.9374179840087891	2.0	0.731497049331665	53.450162139955886	29.853640098086125	1.860929012298584	53.53960725657259	29.81241968758905	True
171	909	373	53.48962	30.3951	36.429276	2.419212	53.48912134721625	30.390749374080293	1.5256773233413696	2.0	0.6545319557189941	53.52023946492232	30.368987585136	1.887822151184082	53.46127850924162	30.388466284293617	True
172	904	411	53.50767000000001	31.31107	31.29005200000001	0.25153154	53.5039093969458	31.317912326913063	6.173189640045166	2.0	4.0210700035095215	53.51053493404124	31.26961878649615	10.326972007751465	53.444214663148934	31.33735526953279	True
173	907	377	53.52233000000002	30.50256	36.990555	1.6442108	53.53175430964798	30.491493159224166	1.141294002532959	2.0	0.893770694732666	53.556381457614194	30.517827117791793	1.6995922327041626	53.47598774710139	30.486924112108095	True
174	907	373	53.54593000000001	30.385759999999998	19.0372	3.0472047000000004	53.544822248593576	30.39529876188444	1.5583436489105225	2.0	0.6545319557189941	53.52023946492232	30.368987585136	1.8663119077682495	53.54155825510152	30.419343250598594	True
175	904	398	53.549060000000004	31.006859999999996	29.162504	0.8728564	53.546829709422695	31.00418180877248	2.908069610595703	2.0	1.6230134963989258	53.49729096115526	30.951324914327092	3.557910442352295	53.59972229048387	31.03292000815739	True
176	905	387	53.56592000000001	30.74725	72.11828	2.2426597999999998	53.55489616972058	30.736764076210193	1.3085126876831055	2.0	0.6497894525527954	53.520348103881794	30.782641035785577	2.116067409515381	53.589408192590284	30.69088217402933	True
177	902	406	53.57104000000001	31.20293	28.040113	0.09712051	53.576756924078865	31.20185146591616	4.085564613342285	2.0	2.406700611114502	53.52045792146155	31.197196925675847	4.145741939544678	53.62653033102196	31.254781141975883	True
178	904	392	53.57778000000002	30.85472	22.634365	0.62179	53.566523547992546	30.859527322251328	1.5833051204681396	2.0	0.4937164783477783	53.510478601310055	30.85491855673528	2.940669536590576	53.61606563840009	30.912330814238256	True
179	904	392	53.58024000000002	30.85073	22.880836	0.5357390999999999	53.566523547992546	30.859527322251328	1.5833051204681396	2.0	0.4937164783477783	53.510478601310055	30.85491855673528	2.940669536590576	53.61606563840009	30.912330814238256	True
180	902	382	53.668940000000006	30.61526	55.568714	4.601957	53.65508551743258	30.623182428135866	1.1944154500961304	2.0	0.9275089502334595	53.66156097025427	30.575028234697946	2.3424065113067627	53.71422748302211	30.603613472093127	True
181	898	402	53.703100000000006	31.11464	45.471835999999996	1.1811626	53.702417701883476	31.11450427547594	2.5425045490264893	2.0	2.241229295730591	53.642880675032735	31.134053773736472	3.966745376586914	53.765166033080014	31.070781723685524	True
182	898	390	53.73774000000002	30.82371	52.903445999999995	0.43273953	53.741229301229886	30.824989365644758	2.125122547149658	2.0	1.5572363138198853	53.6916307128563	30.772252638832242	3.9921202659606934	53.79090666759063	30.877732934020717	True
183	897	388	53.77211000000001	30.78523	29.932302000000004	0.5293465	53.77569733038219	30.779024904784198	2.0438079833984375	2.0	1.6045746803283691	53.828572344358776	30.807625066466308	2.935563802719116	53.782113605238976	30.730814491143374	True
184	897	388	53.77865000000001	30.78497	26.94453	0.68316734	53.77569733038219	30.779024904784198	2.0438079833984375	2.0	1.6045746803283691	53.828572344358776	30.807625066466308	2.935563802719116	53.782113605238976	30.730814491143374	True
185	901	351	53.78628000000002	29.87817	30.624696999999998	0.9479280999999999	53.78227530604464	29.88022544677909	0.2875664532184601	2.0	0.04057776927947998	53.806819677886935	29.906404093720294	1.6933735609054565	53.751392031009644	29.902034211808065	True
186	900	357	53.78736000000001	30.01807	28.930996	0.39750776	53.79097199619709	30.026442158135396	0.636346697807312	2.0	0.24356217682361603	53.73227126905557	30.04605986347973	1.8005428314208984	53.840180795428566	30.07885890949532	True
187	896	388	53.80057000000001	30.78473	45.880866999999995	0.5722316	53.803729561655075	30.78127086743631	1.699633240699768	2.0	1.6045746803283691	53.828572344358776	30.807625066466308	2.935563802719116	53.782113605238976	30.730814491143374	True
188	896	372	53.86513000000002	30.398870000000002	45.85872	0.95408154	53.854707658624235	30.39585056319278	0.8503050804138184	2.0	0.5553085207939148	53.85787724176887	30.37178502277214	2.1301233768463135	53.904209846077045	30.44839784360667	True
189	895	378	53.87660000000001	30.54004	28.713114	0.06016684	53.86360360260805	30.542518081587463	2.11026930809021	2.0	1.280007004737854	53.81088965479803	30.514000118019958	2.6143035888671875	53.925837659753725	30.49875798755448	True
190	893	388	53.87653000000002	30.77832	47.12593	0.20791309	53.88785616260275	30.787974322204498	2.2080066204071045	2.0	1.2207375764846802	53.89420585002463	30.73974476534445	3.5946743488311768	53.93764125524079	30.840664201793498	True
191	894	381	53.876850000000005	30.62465	28.643459999999997	0.26122707	53.8820570561493	30.617005518540935	1.5525133609771729	2.0	1.3195661306381226	53.87571021440713	30.66520358027149	1.9624723196029663	53.85725184661336	30.590695144466917	True
192	889	420	53.88812	31.57524	55.361644999999996	1.5679618999999998	53.898505813950194	31.570203194548657	1.6487064361572266	2.0	1.3378616571426392	53.92684756683735	31.572479029337686	2.3463809490203857	53.87338280343299	31.543717619028758	True
193	889	420	53.89059000000002	31.57129	53.307193999999996	1.3736275	53.898505813950194	31.570203194548657	1.6487064361572266	2.0	1.3378616571426392	53.92684756683735	31.572479029337686	2.3463809490203857	53.87338280343299	31.543717619028758	True
194	894	369	53.928700000000006	30.32017	35.73296	1.8266584	53.91997526984628	30.32804641500696	1.7425466775894165	2.0	0.5553085207939148	53.85787724176887	30.37178502277214	1.9857192039489746	53.982019195829295	30.28427754241188	True
195	886	354	54.20082	29.97743	28.247377	1.0582969	54.18924994627581	29.984446912379436	1.2098981142044067	2.0	0.5001172423362732	54.1645114042332	29.958302315030622	1.806618332862854	54.13672442822091	29.956189701687506	True
196	876	406	54.31645000000002	31.24935	79.384865	0.60637075	54.31048233964806	31.26023030471456	3.915883779525757	2.0	2.921053171157837	54.307413031844334	31.284435162293477	4.945331573486328	54.34488503332565	31.2139893607763	True
197	880	355	54.34159000000001	30.012340000000002	23.87312	0.35797223	54.353142472290486	30.021040140995325	0.6502394676208496	2.0	0.172715425491333	54.29445054412319	30.04093082830746	1.3843210935592651	54.4058379903549	30.049241297773914	True
198	880	355	54.34811000000001	30.01365	24.921059	0.26710194	54.353142472290486	30.021040140995325	0.6502394676208496	2.0	0.172715425491333	54.29445054412319	30.04093082830746	1.3843210935592651	54.4058379903549	30.049241297773914	True
199	881	340	54.37633000000002	29.667859999999997	26.87598	0.5567861	54.370322933353286	29.65849512633734	0.5024465322494507	2.0	0.10807758569717407	54.36434439576068	29.70651831516643	1.248698115348816	54.425754125759035	29.662577953941454	True
200	871	405	54.45767	31.25416	92.02243	0.31316698	54.45498910044149	31.246786328019056	2.422832727432251	2.0	2.422832727432251	54.45498910044149	31.246786328019056	3.5104966163635254	54.505580763957035	31.299487208520123	True
201	872	392	54.466120000000004	30.93365	55.16720600000001	0.043544415	54.46595514393301	30.930129871185994	3.08431077003479	2.0	1.7827808856964111	54.5001379851061	30.88388761879938	3.182908058166504	54.437772706854204	30.92801360730541	True
202	870	399	54.501250000000006	31.10292	63.25374	0.5669225999999999	54.50135011519405	31.103677434895335	2.4473440647125244	2.0	1.625439167022705	54.560852898440395	31.083697714651706	3.120720386505127	54.447872767525375	31.07523723822671	True
203	867	390	54.61360000000001	30.88435	61.899967000000004	1.3779473999999998	54.61286584440171	30.892252746278626	2.3842902183532715	2.0	1.678060531616211	54.57873192507991	30.938536362101278	3.8147199153900146	54.61878655511524	30.843892782770293	True
204	856	387	54.92383000000002	30.848159999999996	68.98555	1.4296658000000002	54.93184682249175	30.84216452498921	1.7142527103424072	2.0	1.1936029195785522	54.89788534147433	30.888551654446516	2.6317429542541504	54.99113370098115	30.821967944198896	True
205	1094	489	47.86483333333333	32.60494444444445	-35.9	16.1	47.87107840570132	32.6171756602007	1.2096152305603027	2.0	0.7095704674720764	47.805809854268915	32.65730717587538	1.9150770902633667	47.93630472366888	32.577000384465165	True
206	1107	411	47.896541666666664	30.72247222222222	9.9	10.0	47.90509766062242	30.727736801908865	1.5129951238632202	2.0	1.0123350620269775	47.95891570577375	30.73459831411929	1.7344574928283691	47.900187253797036	30.75127043211915	True
207	1110	385	47.940041666666666	30.10538888888889	14.8	14.4	47.951649844011996	30.106604163564175	1.3675172328948975	2.0	1.0433193445205688	47.98319351498343	30.0864949980032	1.7710293531417847	47.929822632011934	30.07978666514801	True
208	1122	318	47.955958333333335	28.514444444444443	0.6	8.9	47.95658916554885	28.502616201528422	1.3069404363632202	2.0	0.7534929513931274	47.973232202311166	28.552287673974394	1.9045146703720093	47.96609127874093	28.456137702643854	True
209	1096	440	48.065583333333336	31.445055555555555	-4.7	12.3	48.060214417761074	31.44969973468293	1.0133488178253174	2.0	0.6922645568847656	48.037940771239064	31.42258557152758	1.5186545848846436	48.07759790113677	31.500456391110397	True
210	1102	338	48.393125	29.03183333333333	-4.0	10.9	48.38789289106279	29.032069157644496	1.6590343713760376	2.0	0.7803830504417419	48.37082769637235	28.982185912814145	1.9690139293670654	48.431422165720875	29.085129627128634	True
211	1091	394	48.42104166666667	30.383305555555555	11.5	12.4	48.41751564749037	30.381397202643935	2.187697649002075	2.0	0.8568956851959229	48.38587281231274	30.40164432304026	2.446072816848755	48.42225843246875	30.357848328030784	True
212	1090	394	48.436	30.378333333333334	4.8	7.6	48.44441270425948	30.384692986636786	1.3500492572784424	2.0	0.8568956851959229	48.38587281231274	30.40164432304026	2.446072816848755	48.42225843246875	30.357848328030784	True
213	1087	399	48.506625	30.514277777777778	10.9	7.1	48.50153681159325	30.51239973255378	1.5849263668060303	2.0	0.5337175130844116	48.47931670691841	30.48553038219913	2.918818950653076	48.56489074149604	30.4718216092505	True
214	1085	366	48.707458333333335	29.749666666666666	43.0	5.7	48.70953383740749	29.742073656093297	1.4684799909591675	2.0	0.9748662710189819	48.75840116297956	29.771920473184043	2.716730833053589	48.74549653724082	29.698240198618358	True
215	1061	456	48.938541666666666	31.94452777777778	40.7	10.1	48.94181826541162	31.948813622022566	1.6690962314605713	2.0	1.0101679563522339	49.00165574725536	31.93172900066573	1.7327669858932495	48.91424871333557	31.945452877876665	True
216	1059	462	48.966875	32.10413888888889	4.3	13.3	48.96885873874938	32.09829909282091	2.030613422393799	2.0	0.5078573226928711	48.98711571160697	32.14927899554106	2.1048033237457275	48.97355253259987	32.07449780394743	True
217	1055	461	49.076541666666664	32.078611111111115	14.0	11.3	49.0841149764524	32.08791225220236	1.6251760721206665	2.0	0.19282618165016174	49.14872517950011	32.04694964920202	2.399538278579712	49.07945223095977	32.111727064228006	True
218	1059	433	49.090125	31.410666666666664	17.3	12.0	49.103834908102485	31.408839499446845	1.1179172992706299	2.0	0.3641839921474457	49.15407069449135	31.43912215864579	1.5850155353546143	49.053655039739866	31.37855145151157	True
219	1084	276	49.15108333333333	27.650666666666666	-15.7	13.2	49.14106187116751	27.641238280046114	1.4511916637420654	2.0	0.7158631682395935	49.084474468487926	27.65872590400237	1.918497920036316	49.1889081591018	27.67021759024932	True
220	1067	335	49.341541666666664	29.078305555555556	9.1	11.5	49.329821470672535	29.069299928621984	1.4380509853363037	2.0	0.7592694163322449	49.34763944868795	29.119248922724495	2.878648042678833	49.272150126287464	29.086792068831112	True
221	1044	462	49.38325	32.154888888888884	2.7	13.9	49.38417442961292	32.14820819644126	1.8986841440200806	2.0	0.90276038646698	49.34725916405609	32.19262093412314	2.234057664871216	49.448790202592264	32.107055948311526	True
222	1030	502	49.579208333333334	33.149277777777776	55.2	12.3	49.59232032403679	33.15102097187816	0.8358896970748901	2.0	0.07648235559463501	49.657773398901995	33.10974772050793	1.2209064960479736	49.573332258509026	33.09975508763093	True
223	1061	307	49.6125	28.439944444444446	20.6	11.4	49.61102522176388	28.430376656202245	2.1037545204162598	2.0	1.330319881439209	49.59316699696584	28.380693513849458	2.7823853492736816	49.54947771730913	28.471453359807253	True
224	1061	300	49.646	28.26688888888889	22.0	3.4	49.641046948681065	28.26656000497808	3.116730213165283	2.0	1.9916774034500122	49.58393243916696	28.284248256799156	4.090961933135986	49.64960226181225	28.219783332765658	True
225	1060	299	49.658791666666666	28.255055555555554	9.1	3.3	49.671737584745834	28.246009297411025	3.496593475341797	2.0	2.3686013221740723	49.610345857055755	28.28710292812513	4.090961933135986	49.64960226181225	28.219783332765658	True
226	1023	494	49.837125	32.98897222222222	34.6	6.9	49.82569875830549	32.98239956136139	0.7855113744735718	2.0	0.03694671392440796	49.87751721965692	33.012919955902255	1.6724823713302612	49.76038657729506	33.02378328398731	True
227	1045	335	49.909416666666665	29.141277777777777	26.4	5.3	49.91721465728791	29.13382887130562	2.826709270477295	2.0	1.6876764297485352	49.86795188821267	29.10451805247391	2.9864368438720703	49.97076745572377	29.13958070340994	True
228	1034	400	49.925625	30.690583333333333	40.5	12.5	49.935729498688325	30.703820018688642	1.8474135398864746	2.0	0.5730209946632385	49.904061077653424	30.72453730779992	2.5152904987335205	49.885433434694036	30.67399964408304	True
229	1020	476	49.994708333333335	32.55858333333333	35.9	14.9	49.990273063178385	32.560711646249175	0.6749178171157837	2.0	0.06219637393951416	49.999119463752095	32.5128031928907	1.3314735889434814	49.938687610780725	32.53035376071571	True
230	1038	358	50.0095	29.687694444444446	59.2	14.6	50.00750944701363	29.69672495395472	2.6199889183044434	2.0	1.1582424640655518	49.94927900607381	29.714505956039577	3.0971977710723877	50.016018461177055	29.64946229013012	True
231	1013	508	50.0465	33.35033333333333	22.6	1.3	50.04537206130562	33.351127306060995	0.7669630646705627	2.0	0.33790335059165955	49.997668022892874	33.29654846275485	1.2457669973373413	50.054279752815155	33.30306959014983	True
232	1026	400	50.14720833333333	30.717916666666664	40.1	11.2	50.15456883775754	30.72790898068008	3.4995195865631104	2.0	1.4245727062225342	50.09123854176641	30.769468341826776	3.4995195865631104	50.15456883775754	30.72790898068008	True
233	1023	246	50.866708333333335	27.10011111111111	26.0	15.0	50.862228382958925	27.106696610142357	0.9695353507995605	2.0	0.3408331871032715	50.85446018747942	27.153355286264976	1.5590544939041138	50.914754831822464	27.11170532834518	True
234	966	517	51.33983333333333	33.71738888888889	2.4	11.1	51.3477432942651	33.71545552139999	1.8839343786239624	2.0	0.9218713045120239	51.41333517763735	33.67306944142509	2.0289342403411865	51.35182753674235	33.69126810345649	True
235	988	285	51.64816666666667	28.107666666666667	46.8	10.2	51.64148817408996	28.108010087090044	0.9781103134155273	2.0	0.08736655116081238	51.702366029333994	28.065790887602574	1.9810221195220947	51.59547457047102	28.0559793085615	True
236	939	513	52.141375	33.706	56.8	8.9	52.14100756795817	33.69729090009991	0.6062264442443848	2.0	0.025908291339874268	52.13716420222538	33.72155120531755	1.5824799537658691	52.14868701423107	33.648774857115306	True
237	933	511	52.32483333333333	33.677388888888885	29.9	11.6	52.32185552777761	33.66558368444444	1.1087065935134888	2.0	0.7030316591262817	52.38715735691018	33.62258220508347	1.835723876953125	52.31428078158573	33.71413289663116	True
238	952	304	52.53970833333333	28.6525	6.5	7.8	52.54178849960603	28.643490364271102	1.369989275932312	2.0	0.9772182703018188	52.534823396227864	28.690939572644016	1.713931918144226	52.54874534540993	28.596054165700604	True
239	942	363	52.613625	30.064722222222223	28.1	5.7	52.608424269432255	30.073075807106157	0.6380227208137512	2.0	0.12222051620483398	52.58436842547031	30.046714599444137	2.0627613067626953	52.656593768431605	30.125806217190725	True
240	938	304	52.92341666666667	28.679194444444445	19.9	12.3	52.921352940442134	28.675658789957158	1.8874521255493164	2.0	0.8609527945518494	52.96894095804389	28.727704933818927	1.8874521255493164	52.921352940442134	28.675658789957158	True
241	928	340	53.085166666666666	29.549722222222226	33.0	12.1	53.073193593144836	29.556271465618313	0.899876058101654	2.0	0.5019545555114746	53.049087712267564	29.53007536685735	1.5042163133621216	53.04233908260868	29.577861953373162	True
242	932	262	53.233583333333335	27.7035	38.7	3.0	53.22228584380447	27.693670315396446	1.2103172540664673	2.0	0.2689288258552551	53.27277558477026	27.721549908628752	1.9729892015457153	53.28245929254963	27.650655488088105	True
243	925	245	53.477041666666665	27.30152777777778	14.0	8.0	53.46436054658976	27.306994660303108	0.7632009983062744	2.0	0.04414278268814087	53.51474390580467	27.33467856271886	1.242520809173584	53.49742146314421	27.26188058633782	True
244	912	255	53.787	27.560166666666667	17.6	9.0	53.78193268369921	27.56958630123565	0.7964388132095337	2.0	0.20196285843849182	53.7488632861426	27.61487600676126	1.3776723146438599	53.83573389675547	27.573601348511176	True
245	878	449	54.1255	32.30811111111111	34.3	1.5	54.119462840877745	32.29864414112767	1.7385016679763794	2.0	0.9553284645080566	54.17676183639345	32.30319336148848	2.7244560718536377	54.09717269695468	32.24777130050608	True
246	902	225	54.130833333333335	26.872694444444445	39.2	18.6	54.14037805158965	26.880932069225437	0.9095923900604248	2.0	0.053239792585372925	54.19674474982055	26.861149893638604	1.35232412815094	54.08992536680395	26.853578510335055	True
247	884	330	54.31829166666667	29.42027777777778	-6.5	16.3	54.31723884805426	29.41246588182753	0.8481822609901428	2.0	0.08842667937278748	54.37545636341431	29.392562568941575	2.2603955268859863	54.268032564084436	29.360447242310997	True
248	869	441	54.40525	32.134055555555555	175.4	11.5	54.40212881894735	32.12443096605634	0.9220640659332275	2.0	0.9185394048690796	54.433816268701065	32.102330980515944	2.225161075592041	54.33871057838643	32.168605343300996	True
249	862	505	54.41141666666667	33.70852777777778	117.3	11.8	54.40573120426205	33.70026816101856	0.6183990240097046	2.0	0.40350523591041565	54.37965704253624	33.67351660378429	1.9188339710235596	54.37021019828712	33.74684013585173	True
250	874	232	54.86429166666667	27.089138888888886	33.5	9.1	54.870816194677175	27.097555526771394	0.561356782913208	2.0	0.09654292464256287	54.84117807390248	27.11942654962418	1.3881701231002808	54.87630670480836	27.050266295278586	True
251	848	471	54.90691666666667	32.909083333333335	126.8	16.0	54.91663395863477	32.900843692301784	2.0341503620147705	2.0	1.3972917795181274	54.890605090412464	32.87429012168234	2.488497257232666	54.945622212975195	32.90298178828458	True
252	859	334	54.988875	29.561666666666667	6.6	8.5	54.99786871803691	29.5579032825156	0.48700761795043945	2.0	0.14249709248542786	55.00345862151026	29.509833034062282	1.3547594547271729	55.0533973250398	29.561716556342642	True
253	847	440	55.035583333333335	32.15036111111111	200.0	1.3	55.03580159559567	32.14712844037436	2.691033363342285	2.0	1.5588979721069336	55.058771833547496	32.197899894298	5.463022232055664	54.98417315869669	32.09429534918725	True
254	831	509	55.291625	33.87280555555556	56.5	19.2	55.30261124889003	33.86670275648393	0.794516921043396	2.0	0.327908992767334	55.24379660131044	33.86246827084202	1.5094616413116455	55.33772835305051	33.8197740966069	True
255	837	365	55.52354166666667	30.34272222222222	19.2	10.8	55.52777909990364	30.346680796216308	1.2510682344436646	2.0	0.4034171402454376	55.56120285384329	30.30017713711638	1.4371286630630493	55.46888090892793	30.36714063825264	True
256	815	518	55.75358333333333	34.10947222222222	138.1	11.0	55.74929642017381	34.12062124077737	0.8511877059936523	2.0	0.8511877059936523	55.74929642017381	34.12062124077737	1.966497778892517	55.71424763736525	34.167726593837905	True
257	832	326	55.759	29.425583333333336	29.4	17.4	55.76945848054693	29.41485451193559	0.3295882046222687	2.0	0.14810580015182495	55.79471297755509	29.440668791470834	1.413780927658081	55.80236790489545	29.368464048809912	True
258	824	401	55.807125	31.248527777777777	39.9	6.8	55.800579770304935	31.24336999381769	3.009664535522461	2.0	2.6133484840393066	55.86013136933767	31.222745326209697	3.704453468322754	55.79796656543863	31.267673030966876	True
259	805	331	56.498875	29.586888888888886	50.1	6.8	56.50991953270006	29.580572455569644	1.3645563125610352	2.0	0.7121407985687256	56.57047624478771	29.535496878987516	1.6062707901000977	56.449304417811796	29.62562373166757	True
