ID,RA_deg,Dec_deg,Av_mag,RM_obs_rad_m2,RM_err_rad_m2,B_parallel_uG,B_upper_err_uG,B_lower_err_uG
9,50.247140000000016,31.02774,1.889332056045532,45.31178,2.1725087000000003,132.47556923660895,273,131
11,50.25013000000001,31.22124,2.025963544845581,42.425503000000006,1.9913983,96.18843875418123,1036,75
12,50.30499000000001,30.99768,1.980569124221801,52.73574,0.65576845,193.0406952966092,1557,78
14,50.44955000000001,31.89139,1.7840577363967896,51.1612,1.170221,204.51328043803932,666,76
19,50.64575000000001,28.97552,2.092642307281494,26.23560100000001,1.4145119,-45.09610875636944,985,88
21,50.64872000000001,31.20035,2.165404796600342,42.193104,0.55164415,86.37467029401026,804,57
22,50.68300000000001,29.56505,1.9403306245803835,16.960531,0.7118561999999999,-135.44449680733777,134,635
23,50.74281000000001,31.06418,1.8399659395217896,65.95874,1.8966885,343.64942276017615,299,338
28,50.86062000000001,29.047009999999997,1.7021610736846924,60.94877,2.8704107000000003,327.82882993267793,674,127
29,50.86195000000001,29.38008,2.31160569190979,12.847766,0.42140946,-141.33814465549278,140,1364
30,50.87244000000001,29.28552,1.8004593849182131,0.8413539000000001,0.7502289000000001,-316.20021289901376,315,699
32,50.90513000000001,30.076490000000003,2.20246696472168,29.526655,0.96006024,-16.08991136855849,590,117
35,50.94280000000001,29.384209999999996,2.279424905776977,16.057575,1.2152815,-119.07403405900524,118,729
37,50.977030000000006,28.903709999999997,1.9452135562896729,56.17135,2.0899978,229.73814918314616,1801,79
38,51.03970000000001,30.10207,2.224785566329956,56.457607,0.79044884,195.30897031026112,235,86
39,51.04601000000001,30.10075,2.224785566329956,53.283504,0.6637403000000001,170.4175002335059,197,149
43,51.07550000000001,30.704309999999996,2.6388044357299805,51.28159,0.627501,129.0760540491268,293,128
44,51.08218000000001,30.70161,2.6388044357299805,52.64757,0.4584281,138.01276281527808,313,137
45,51.09807000000002,30.876379999999997,2.8515548706054688,39.67677,1.9283152,48.829219636241895,661,48
46,51.10239000000001,29.82811,1.9010851383209229,72.161835,2.736049,387.6590373847241,347,387
47,51.10568000000001,30.87309,2.8515548706054688,42.201866,1.5336493,64.0053241560249,87,63
48,51.14155000000001,31.683359999999997,1.7148094177246094,27.209064,0.5804331,-47.92249586948777,570,140
50,51.16868000000001,31.47908,1.742984414100647,45.368946,1.3684016,148.94100286141818,203,148
51,51.16905000000001,30.109579999999998,2.0451316833496094,37.604088,1.9269009,52.88363060886276,86,319
52,51.17472000000002,28.742359999999998,1.7583539485931396,35.52494,1.507241,42.293296397973464,801,83
53,51.19258000000002,29.98867000000001,3.2515997886657715,36.406006,0.4922846,26.22324458845285,366,1056
54,51.193730000000016,30.82878,3.58421277999878,51.536552,2.0400045,100.33817584292791,346,45
55,51.20127000000001,30.82824,3.58421277999878,52.368637,1.277525,104.51595087297234,117,104
60,51.29218000000001,31.47676,2.144716024398804,28.370295,0.026800664,-26.148590041121622,51,424
62,51.300320000000006,28.987040000000004,2.077472448348999,43.826855,2.971824,105.0983393221855,392,104
63,51.31276,29.091959999999997,1.674418568611145,62.327133,2.7666042,351.44605087488065,779,350
64,51.31906000000002,29.8315,1.758995532989502,46.179394,2.973946,155.6402815454941,210,155
65,51.32284000000001,31.28663,2.440863609313965,27.203108,1.9176736,-30.796122789081146,75,59
67,51.42621000000001,30.10618,7.096508979797362,28.290134,1.0230142,-13.304602069379065,29,157
71,51.49614000000002,31.48528,2.758617877960205,23.760372,1.7891058000000002,-48.55562474310043,51,101
73,51.51826000000001,32.17038,1.7188221216201782,68.29209,1.5218248,404.02826710777464,2553,285
75,51.53274000000002,30.17479,4.2830071449279785,24.150707,1.2524246,-33.467529167483676,32,39
76,51.57442000000002,31.45662,2.709388256072998,32.20207,1.0470768,4.129964005828538,247,45
77,51.58042000000001,31.454909999999998,2.709388256072998,33.87937,0.7868045,14.79023472574426,720,44
78,51.58412000000001,29.08432,2.083102464675904,34.07297,1.9670372,21.507521954221367,109,344
79,51.58837000000001,29.082659999999997,2.083102464675904,37.52665,2.5987318,50.97540722272331,214,350
82,51.781270000000006,29.81535,3.035245180130005,15.281948000000002,1.536551,-92.86655543975115,92,101
83,51.795270000000016,29.022609999999997,1.7482078075408936,20.549303,0.1668932,-118.10519844757934,117,147
85,51.81703,29.90749000000001,3.9216930866241455,26.5859,0.77248985,-23.54054416899023,110,48
86,51.83461000000001,31.80377,2.091397762298584,35.610188,1.3858976,34.4460328567485,517,63
87,51.83515000000001,31.80848,2.091397762298584,37.34995,1.0409883,49.21412293104269,83,61
88,51.84136,31.804240000000004,2.091397762298584,33.099133,1.7370801,13.130768802523384,68,110
89,51.84522000000001,31.16793,2.87424635887146,51.124153,2.8528917000000003,117.95102802582701,175,117
90,51.87394000000001,30.24705,15.614900588989258,34.380287,0.42427173,11.09070299698411,201,25
91,51.91465000000001,31.40258,2.8716089725494385,29.342117,0.40980527,-13.331716233698078,103,41
92,51.92582000000001,30.19466,9.586883544921877,32.506440000000005,0.35178503,3.8568639748425495,61,26
93,51.93425000000001,30.94952,1.9695948362350464,50.748184,1.5402303999999998,176.2116214366255,154,175
94,51.93958000000002,29.066029999999998,2.543134450912476,7.3921800000000015,0.61656773,-162.96398238618602,162,1205
95,52.01503,30.97761,2.729243755340576,44.59000800000001,2.8490808,82.20291636431239,71,61
98,52.09405000000001,29.001659999999998,2.623230695724488,9.5767355,1.2445393,-144.70945715170348,48,1225
99,52.09914000000002,29.005190000000002,2.623230695724488,4.446896,1.409529,-178.48960242579625,177,180
100,52.10475000000002,30.71353,2.8437857627868652,44.256733,1.9667774,76.58281046134725,146,53
101,52.11130000000002,29.018140000000002,2.623230695724488,5.0181336,2.4309118,-174.7279858851571,56,186
102,52.11468000000001,30.8918,3.806918621063232,58.283092,2.6672022,129.30326259087664,52,128
103,52.12113000000002,28.981509999999997,2.0997552871704097,37.412426,1.453107,49.488819114603636,75,476
104,52.12625000000001,30.8459,5.156177043914795,51.359005,0.28631422,83.98590153255911,55,27
105,52.13153000000001,30.84587,5.156177043914795,51.18486,0.24236684,83.24748024311802,387,27
106,52.13879000000002,30.8443,5.156177043914795,51.317165,0.29495022,83.80848876302676,115,27
107,52.15028000000001,29.36554000000001,2.3192174434661865,29.214005,0.03388425,-17.599121509044718,46,59
108,52.15879000000002,30.836,4.208803653717041,51.189194,0.062151324,89.70856595411252,40,89
109,52.16818000000001,30.83172,4.208803653717041,50.811924,0.038319428,87.9850614337032,40,87
110,52.17958000000001,31.65348,4.458932876586914,81.77724,2.3813837,223.78999141846302,281,223
111,52.21766,29.509259999999998,2.503032922744751,14.833607,2.765027,-114.90680417716337,63,643
112,52.23070000000001,29.52873,2.9006187915802,18.711405,0.8772673000000001,-76.68440139200342,59,141
113,52.29434000000002,31.53165,6.927295684814452,42.925426,1.1748345,46.44705941305993,30,45
114,52.29890000000002,31.00102,3.3742024898529053,53.184303,3.93981,113.0622101134827,428,53
115,52.33462000000002,31.11236,4.0688066482543945,45.12872700000001,1.5170709999999998,62.73619499567082,37,62
116,52.37863000000001,31.36905,4.973970890045166,72.88199,3.9685688,176.47616851451767,66,175
117,52.49627,30.6062,2.80450439453125,33.409813,2.3632126,11.36865565419729,52,53
118,52.49979000000002,30.6105,2.6438422203063965,35.0655,1.8375039,22.936744928685666,54,53
119,52.51526000000001,30.54888,3.737828254699707,21.14425,3.1336575,-50.54728520116432,50,70
120,52.51596000000002,30.55472,3.737828254699707,18.369112,3.6427302,-64.02495673888039,63,83
121,52.52029000000001,31.19632,2.9040842056274414,18.961977,3.659546100000002,-75.09853572885233,74,121
122,52.52152,30.551440000000003,3.737828254699707,30.616493,0.9859811,-4.544607179591893,34,41
123,52.52382000000001,30.603920000000002,2.3862595558166504,33.415092,2.0942867,13.550815891014278,64,166
124,52.53309000000001,30.548029999999997,3.7501380443573,34.6484,0.17040344,14.99733908653142,34,194
125,52.537940000000006,30.54715,3.7501380443573,34.9246,0.15143664,16.335217952727056,219,30
126,52.54026,31.4094,2.050169944763184,2.6460364,1.9854978,-251.78842481696955,251,81
127,52.57639000000001,30.92626,1.8935058116912842,-0.73266274,4.358555,-309.8921878120788,309,150
128,52.58012,31.77265,2.7736427783966064,6.861953,2.3480859,-152.9480965991902,152,240
129,52.60245000000001,31.7878,2.980852127075196,14.912435,0.87641144,-96.70402236596641,96,169
130,52.65380000000001,31.87367,2.556478500366211,-2.0923562,3.0799553,-225.54336531913586,225,471
131,52.66157000000001,31.51275,2.186198472976685,16.324728,2.888616,-122.10536683551895,121,82
133,52.74033000000002,31.568009999999997,3.2389278411865234,33.8143,3.9287004,12.26379306945513,55,66
134,52.75047000000001,31.368129999999997,1.928282618522644,23.443678,3.5978568,-75.90989332962991,145,275
135,52.79483000000002,31.65152,3.6945583820343018,9.39862,3.233206,-108.59162329305263,108,77
138,52.82475000000001,30.79208,2.852445602416992,53.984215,1.0780324,134.77263321828758,129,134
139,52.82956000000001,30.79073,1.821968674659729,54.16967800000001,0.9420522,229.02316748205155,140,228
140,52.84279000000002,31.05725,1.9458383321762085,27.631788,2.3246377000000003,-36.569135724035064,80,179
142,52.90963000000002,31.907290000000003,1.993356466293335,42.547523,1.7311772,99.3545963756246,126,98
143,52.91336,30.67597,2.1243054866790767,30.350515,1.0882623,-9.997719288910401,60,251
144,52.914350000000006,30.67189,2.1243054866790767,31.606945,1.0716676,0.454973931817727,127,59
145,52.91863000000002,30.67545,2.1243054866790767,30.563246000000003,0.94337994,-8.227933561461409,59,248
146,52.97608000000001,31.07814,2.19769549369812,0.9342431,2.9177618,-243.88035781415803,243,116
147,53.03296000000001,30.43473,1.7818940877914429,45.94278,4.122267,150.34457576503775,137,149
148,53.04498000000001,30.66222,2.2580280303955083,47.395042,2.952233,123.1410398080258,102,106
149,53.06639000000002,31.75768,1.784237027168274,52.043163,1.1607857,213.6814929173305,104,213
150,53.07485000000001,31.75597,1.6916640996932983,50.211605,0.33157548,209.95221543904358,159,209
151,53.105150000000016,31.086759999999998,3.457828998565674,48.734623,0.41696116,87.85259818554482,81,87
152,53.14973000000002,31.8378,1.7315526008605957,74.38410999999998,4.1611996,466.07403598887413,895,465
155,53.16795000000001,31.833779999999997,1.6749823093414309,56.74048000000001,3.1260312000000003,287.5066583737997,480,287
156,53.17493000000002,30.33564,2.270000457763672,34.854336,0.30095518,25.50289727030286,303,50
158,53.189960000000006,31.413079999999997,3.900543451309204,47.369877,3.8665183,75.25430212736386,55,74
159,53.22401000000001,31.720340000000004,2.1664698123931885,47.983276,0.42385936,133.29117865131758,170,132
160,53.25366000000001,31.338440000000002,5.3209757804870605,15.148098999999998,3.429978,-68.83515743172654,68,43
161,53.27499000000002,30.879070000000002,3.7426960468292236,44.63757,1.0897276000000002,63.48401434352939,102,36
162,53.28603000000001,30.84678,2.2195489406585693,66.94268000000001,3.2243433,278.36575936971445,113,277
163,53.32389000000001,30.7891,2.908586263656616,39.42310300000001,4.3150487,46.87558133145466,213,63
166,53.37786000000001,31.29963,10.369733810424805,22.006262,1.1694895,-38.4373381254557,37,29
167,53.46216000000001,30.384009999999996,1.8878221511840816,32.582592,3.7406614,9.930935090524992,121,95
168,53.46505000000001,30.520220000000002,1.6913213729858398,50.11386,2.155746,208.91349938933982,274,208
169,53.47305000000002,31.22038,4.282991886138916,36.290054,3.5273595,21.422907893618127,48,133
172,53.50767000000001,31.31107,6.173189640045166,31.29005200000001,0.25153154,-1.07775960981579,26,112
175,53.54906,31.006859999999996,2.908069610595703,29.162504,0.8728564,-14.234921220512767,44,44
177,53.57104000000001,31.20293,4.085564613342285,28.040113,0.09712051,-16.1831388332879,51,30
181,53.703100000000006,31.11464,2.5425045490264893,45.471836,1.1811626,93.91745269382696,51,93
182,53.73774000000002,30.82371,2.125122547149658,52.903446,0.43273953,177.54035745836094,107,177
183,53.77211000000001,30.78523,2.043807983398437,29.932302000000004,0.5293465,-14.167823985043453,58,348
184,53.778650000000006,30.78497,2.043807983398437,26.94453,0.68316734,-40.298329356169134,61,396
187,53.80057000000001,30.78473,1.699633240699768,45.880867,0.5722316,160.13447594438566,75,159
189,53.87660000000001,30.54004,2.11026930809021,28.713114,0.06016684,-23.82239459529466,52,122
190,53.87653000000002,30.77832,2.2080066204071045,47.12593,0.20791309,123.31090798663817,176,122
194,53.928700000000006,30.32017,1.7425466775894165,35.73296,1.8266584,45.0832367333911,303,257
196,54.31645000000002,31.24935,3.915883779525757,79.384865,0.60637075,226.95760661371227,65,226
200,54.45766999999999,31.25416,2.422832727432251,92.02243,0.31316698,431.9778346244255,46,431
201,54.46612,30.93365,3.08431077003479,55.16720600000001,0.043544415,132.6491733450134,119,132
202,54.50125000000001,31.10292,2.4473440647125244,63.25374,0.5669225999999999,223.77091141162438,158,223
203,54.61360000000001,30.88435,2.3842902183532715,61.899967,1.3779473999999998,220.97581165298888,136,220
204,54.92383000000002,30.848159999999996,1.7142527103424072,68.98555,1.4296658000000002,413.228964271835,330,367
