	1	2	3	4	5	6	7	8	9	10	11	12	13	14
0	-247.78657175155465	-106.64373823495652	-185.16862745851859	-121.1587837140468	-88.43862402639441	-54.52655173557936	-26.14277772032888	32.73485054388116	51.989333836750916	27.442874974858288	7.600490732082391	37.56617184057526	35.48223702054823	4.814059938372974
1	276.6295965749477	436.1462348640078	395.1332381111374	490.4568871043776	563.5609155103887	630.2856889141809	679.4342072973328	781.1707095046927	835.562825739891	843.0377791419987	854.2552600270191	924.1850388277413	955.8170586132067	959.5682293835733
2	-109.97406654310814	91.02778870783808	-1.2805998861384886	104.94202555125837	174.6878926632581	245.267642961135	305.5437179673626	429.0723722672574	485.39224120734946	473.34884295119735	467.6376824033383	556.3195160993589	586.7042175079448	567.0779743797382
3	-87.15549284790144	51.62059036179376	-12.32974927308699	55.896308907017435	96.77067403080746	136.53896599430826	169.1960114901146	234.04183771479003	260.19288289654605	242.80329087787726	231.5960594120595	267.97858900515985	273.46989139509895	253.03878888593098
4	-44.80649051852563	69.53138047426961	18.486380391047692	74.45351813339865	107.71905781196318	139.35270772244832	164.9182744052207	213.24583793826548	232.58954812905768	220.03010310978814	210.86525021763225	237.3871844591194	240.61741545631014	224.66261621365538
5	-72.34986232105713	22.83405179972542	-21.50957118410525	23.363758807994937	48.61100709167735	72.615319177756	91.87804699897592	128.51194997935156	141.81029761422013	129.83694741245063	120.79449120951024	139.42752582289586	140.07499318100466	125.83838035665035
6	150.51584666148327	338.00449279630436	276.9666732622472	386.42916347303327	469.16212405260114	547.4734087398728	612.4614774114324	738.6976591869694	807.1286268381444	815.3509019796309	828.8578155145345	914.9636374305472	958.2909847704971	964.3212373940004
7	-89.44571132920213	-0.4714377405032886	-42.3273734736301	-1.4958253863458006	20.93357387965327	42.321271878126716	59.46339784746172	93.05290853821003	104.46419514543824	92.68221064594837	83.6949237905209	99.073354455503	99.0153941844317	85.51190192889533
8	-12.40470592139508	79.43302581621842	38.99598917804942	82.87163088482839	108.56050565857603	132.55117121664782	151.68034327271585	188.5893008500349	202.26756673881331	190.37692281340645	183.0282948517997	201.6066536553684	203.23270227032864	191.06884488837838
9	-86.88106476201484	93.99741586761226	12.26674854541025	105.70505774863393	165.93153310893246	225.75015451769937	276.04895991110106	377.55099093017884	424.5319137280137	410.76837764883635	402.4543059714288	465.85163692657903	485.0559024481738	464.06920513397904
10	-27.199360857588534	74.76491060357579	29.81718697425565	79.26642838628835	107.5148769241374	134.78623527202754	156.67267494999356	199.1432056613214	215.25351680269983	203.96948100545083	195.70503630143816	217.67713444462194	219.89012249951526	205.9458655611894
11	-61.637337446905576	137.95201548327609	51.99219907204013	160.01499470491666	233.45873517670992	306.73285868631945	368.9852685599487	495.1815847323748	554.0724254018324	547.0055029009885	546.1991106258926	638.2061018285442	673.0300441759649	660.1258832206519
12	-44.406612118834886	77.28071012788716	23.224463098801753	83.29447202027639	119.41089884799868	152.74076785842104	180.54704348059735	234.99078934545074	256.6630413583338	243.73773783801383	234.40776235301487	264.09279109732864	268.31845646287934	251.55686652199105
13	-592.1944924189727	-396.99384554349746	-547.4199178519216	-473.9035538846398	-455.03838528992225	-425.98757791185767	-398.7267129587961	-327.0718482979994	-318.5647373432661	-390.6727997638807	-457.34488380488256	-434.9463243764252	-472.45823413760274	-576.8329389560952
14	-203.8683978586905	-118.87414885696069	-164.11784337017446	-126.95311729395551	-107.74090250515465	-89.92415878618277	-75.50119918041213	-46.44252509512702	-38.11348712655307	-51.98476746246846	-62.95331397349894	-49.94167083624009	-52.25067693517875	-67.6440250237423
15	194.1339214807252	305.1579612579509	268.87473053783265	330.1326318909639	372.2766431602542	410.32297118264194	440.5686970561591	497.27823206373216	523.2359051775649	514.8126571231733	513.2928147708856	546.1043671602815	556.0032321926212	548.3609902739307
16	-85.07258656153004	-2.0794045548786584	-41.42973811190759	-3.1345841702984543	17.747881203892096	37.19973364052114	52.90004539556391	83.60514634968158	93.90086173029101	82.92987985861758	74.56040447534204	89.22369070294968	88.97441926650878	76.38053128313918
17	-290.63751653627395	-200.3905939161228	-252.99439912249443	-215.17432262545103	-198.37364533834975	-180.9209990784728	-166.59917499466104	-136.916750640153	-128.50282271487916	-145.643149181725	-159.51264150308046	-147.09962157800953	-151.33379578100494	-170.2027225555454
18	95.6624281505292	195.4612172146499	157.6328737878644	208.61005251263646	241.02561742128898	268.42180542235553	291.92587610030915	336.5020510483306	355.08029089134203	347.4176588321955	342.42707366330046	366.51676318764515	371.3597113135057	361.00440118619963
19	-422.1856694004974	-268.89572960006706	-370.0933646132742	-307.07237978190204	-279.9969826063596	-251.173752737142	-226.13918409273685	-170.23722674076748	-157.11223515550833	-195.53744173034625	-228.48867344359766	-204.01740871940532	-216.4164453866723	-264.34578952440495
20	-343.6645114538182	-235.73462722078472	-302.18357308323937	-257.65607957206055	-238.9757812095942	-218.7046942953045	-201.76907431683009	-165.7347602537384	-156.17188256309535	-178.9511456945415	-197.72621592970881	-182.76463809462152	-189.18119710578011	-214.91657161326816
21	263.79788110490745	375.6951713985975	343.0165803597572	406.9151868350479	452.44109875224234	493.1190744695943	525.3624037141659	585.2850982075068	613.7897457222506	607.1169354654713	607.8437275130876	643.33425677568	655.4813206445835	650.1330703722595
22	-859.527309688953	-588.7336011507807	-841.8163311433655	-759.3422163039348	-773.1221449383329	-762.9356751612197	-747.0722617230858	-673.3929832461686	-707.6617764174274	-935.1043706111727	-1133.2681255339714	-1007.1856380643972	-1021.0701179941746	-1147.7668366197079
23	59.27588878786748	167.7569280620679	123.92042218309923	178.71366071228485	213.3951140766292	245.45590997608463	271.093382095996	320.1155006585351	340.4581577087423	331.50500551009	325.53693005589355	349.66459881918485	354.95106410362246	343.17013900720167
24	-274.6370727429861	-197.57750913816318	-238.48502301376055	-206.62302460670193	-192.28699570427602	-177.6974435513562	-165.85213078983114	-141.6126337521421	-135.65283083078015	-149.40950243580417	-158.87014441166673	-148.92281732060752	-152.21026874807455	-166.96881962634754
25	-451.6899996035131	-355.33520169692576	-420.00076510587957	-383.1094747351898	-367.56069699381726	-353.2129167611671	-341.0147626251755	-313.78458813569256	-310.03337884131753	-333.2964746902407	-352.6863066046157	-343.0539478690322	-351.5145122516613	-376.695870731115
26	-207.95643901662268	-96.68129689751281	-156.4757226926505	-106.59314669820625	-81.25457260387043	-55.76662509558165	-34.85904653483053	7.5663072750367775	20.8395061143292	2.5300517268507745	-12.035493391117983	8.204656579274642	6.078149273448542	-15.433049723336135
27	-170.66203039288877	-89.84127809642362	-131.59867016069134	-95.83375688205665	-77.78299124287147	-60.17488733166039	-46.019159561702054	-17.671432997027072	-9.371028478165869	-21.853094342045818	-31.637327011415277	-18.99884500727109	-20.72656330949105	-34.60521578951747
28	-348.41424578528023	-238.53782048733163	-304.4475900825476	-260.46709731920845	-242.10977097326446	-222.1652776665177	-205.50399315693778	-170.03210954324655	-161.87821725254184	-183.21578446624855	-201.84421609573292	-187.19412770369493	-193.61983826140167	-219.0908639530713
29	-226.6165138945103	-108.75663230164048	-173.15435175281291	-120.48160265251552	-93.98602777796762	-66.56921749303577	-44.567806385927454	0.5045293700360078	14.63892598902857	-5.390094816569595	-21.426193411279858	0.33213834645974466	-2.186500735173695	-25.924014378557864
30	-256.8772184751041	-178.61904183201867	-219.93485288592646	-187.21632940236483	-172.16143208117785	-156.9660418664284	-144.65073670169113	-119.57747897620422	-113.1635830429061	-125.61944702575782	-136.48673723652504	-126.01192292908351	-129.06195434413297	-143.78733217985433
31	-304.57660566346925	-191.98293355169133	-258.65131289461846	-210.8359281206965	-189.320470240364	-166.5612332387258	-147.63603574829025	-107.17618030412929	-96.86472316345147	-119.12175043761515	-137.3312543237025	-119.88580548939967	-125.15412259615563	-150.7391566990301
32	14.111506138823044	107.11777410019091	67.86454632425944	113.38800172615913	140.6213393220596	165.902997828571	186.0377638747695	224.70696748266712	237.43283910347503	227.91944921390552	221.0815215854948	240.89674154817055	243.23005354217887	231.4433471114236
33	14.332087449246444	95.81403263221931	61.05387474298826	100.25785153687426	123.1885086383083	144.37445777051315	161.1507838590094	191.44686662969912	203.25528942152116	194.49560551737054	188.10306865785176	204.02771307642388	205.34044997547832	194.86006522116384
34	-7.261524667129945	74.04397372304545	38.5166550278558	77.27183276673317	99.60634677665499	120.3484745088871	136.79741800716775	166.82627432314172	178.20914849827335	169.03015914830823	162.25364213953458	177.77172950054998	178.72929745681796	167.871464193977
35	167.3954687747817	291.64896139349764	250.5221327632664	318.202456043588	364.8753915647895	404.46215957570615	438.4673740396732	502.67981455280295	532.6132283281081	528.1625387595985	526.7904253091378	564.9843040807809	576.9096383902526	568.6135019020818
36	-402.05475160985736	-282.039438110917	-359.7676868370138	-311.4249435264355	-290.5891911384396	-269.64074527992534	-251.82488849887187	-212.76586705725137	-204.79434192879918	-232.88281985618082	-256.41550720434816	-240.63682034344723	-249.7578144290031	-281.98001352710025
37	-450.9774477838396	-287.950787586689	-398.2448113281307	-329.3641191153449	-304.55075396591076	-274.5070411184863	-248.1115028578745	-188.16038349253685	-174.62098535164264	-218.07757274886723	-255.82132769358955	-229.8737474968287	-245.00135446109732	-298.15565651312903
38	-18.092103698945728	52.14192523869713	20.588800974324805	52.95445363786956	71.073806017498	87.86759556145242	101.12196373317283	126.59592165462281	135.26716825071188	126.82405367689226	120.50430057403854	131.17386498516802	131.35882102857457	121.95346905340278
39	-10.040296592553315	60.2413675314726	28.80566171894291	61.29906900068469	79.58643705337073	96.50408371379895	109.84915107751517	135.46152545777022	144.2442900537213	135.91005291260294	129.68914159364866	140.36780170637388	140.64799601661352	131.34320607620242
40	-80.6728416134864	-15.539204704512532	-46.29398080273856	-16.83327083457273	-1.1658158009787811	13.531269668784114	25.1437041423868	47.67009894737677	54.18133984739763	45.53341111396904	38.93032032522154	49.09354519712168	48.44398798694908	38.905340178017454
41	141.5904729236197	238.28826867480066	203.75894157065963	253.94111220887802	286.56399338617786	316.07714361070833	339.42227190710963	380.21811751658134	398.9274349750905	392.55027241750884	388.66317975764656	412.54752140334654	417.96139022475614	408.9717130539981
42	-66.79080982850107	-1.5806060851665467	-32.007119062336265	-2.3577948434267566	13.556392441567716	28.434408132952562	40.178825320897126	62.90581291105711	69.42046657307748	60.94209657759425	54.49264524129195	64.81686689438847	64.3065667411613	54.91451165753674
43	-241.84360692759844	-137.68726710724565	-193.7302653285111	-148.75005126377695	-127.05039352868525	-104.93765962192624	-86.78528405858441	-49.59333111540565	-38.85960533926522	-57.1218135183237	-71.76718560166022	-54.32632560489134	-57.551105987774555	-78.30377908417097
44	-230.8437011376876	-121.3553351444993	-181.64816297429792	-133.2845549481678	-109.43599788946243	-85.2038645032049	-65.28444405484908	-24.542648139029094	-12.195033745443693	-31.079661815956324	-46.21343636691569	-27.250832114184032	-30.142859466812286	-52.101519208931634
45	-78.5957574404287	25.49275286526076	-23.106029689038753	26.073363895592774	53.928570770741366	80.57388156427453	102.06867596922174	144.25519786784704	159.54936379354044	146.52522788584358	136.70668168526996	158.11513842909028	157.99082234466476	142.42423155750154
46	-124.37923392410902	-36.59531368339339	-79.81088886177879	-39.48856285926624	-18.454059984821637	1.825236797929731	18.123575880237755	50.31035207251687	60.757697131953535	48.30560912769403	38.68373965057727	53.90538606189939	52.65233002360179	38.57059396757617
47	-163.13735452037056	-61.00411590597621	-113.27962653523274	-66.3323538099266	-42.247048931242944	-18.54260108888171	0.7219020429203798	39.29837507507738	51.829443834385806	36.39780235565418	24.321893190140155	42.88635460463434	41.70830749747243	23.55627311189231
48	-90.7503361073782	-30.875320519025102	-58.49353307866972	-32.034787099399885	-18.154179547745102	-5.165867690229071	5.063285656332139	24.881883555447622	30.924910224281614	22.890993662162284	16.755097593994893	25.2906981690979	24.51587635264132	15.936325553629525
49	-13.42813727015028	43.30684472978796	17.64718345324641	43.182175479778714	57.03907515650464	69.77420079094517	79.73558176731956	98.79487429093513	104.8719002186955	97.8612947767862	92.58463737741532	101.15896859175483	99.72495924176054	92.2466577714232
50	-9.457991626768154	47.289157425255226	21.63992032792662	47.208809684663905	61.10957840978652	73.87653778528286	83.86096370795978	102.95499895755157	109.0596481291413	102.0757010364847	96.82298325950872	105.42218321643804	103.96480702939378	96.51182820713969
51	-996.8855508668286	-885.5758065219954	-999.9806388830445	-974.3469946534932	-979.4669707264051	-982.8358665180991	-983.4770039902265	-973.7473709437121	-990.3157952659135	-1043.1097000987422	-1089.9177404042189	-1099.70672140036	-1131.6536618861053	-1188.654929087422
52	153.66585443373867	286.281258182303	241.79588825039826	312.00317480921865	362.209329420262	408.27210146775434	445.33146968307517	515.6385337318449	548.8117058357457	544.47370404599	543.4647412167058	586.1277624077228	595.3750966549999	587.1412340803473
53	-119.44215995259366	9.088725483370203	-53.07560234423821	8.444702264369655	43.41058862082304	77.64110208369182	105.69374167237653	161.6494596783155	182.74448813533652	166.16574332302991	153.58441646940113	183.53232808394543	184.4900498268638	163.73516033443363
54	-434.16551287307016	-290.479906615399	-386.6620066110537	-328.7309329852776	-306.9188304634925	-281.0741632592252	-256.7357821813923	-207.134679000651	-196.73740900756653	-233.3333145524899	-264.63485430547024	-244.09828713516342	-256.70220550841753	-301.1156498236128
55	-183.62323523527527	-100.62564218528215	-144.00342188694475	-107.42491161043682	-89.13248752039279	-70.5480972563345	-56.27000221325783	-27.66949211766171	-19.261538618929215	-32.35906487281004	-42.66136518452964	-29.74317311260817	-31.6877390830554	-46.25206556940128
56	-453.23380865948667	-333.4401978383389	-414.6849268907507	-368.07110224957864	-349.42473931284565	-330.46008065283246	-314.1350417015378	-277.37435813790654	-271.46111137124046	-301.84206387480685	-327.5271000883052	-313.852366945443	-325.0032131309069	-359.5877945644523
57	-76.89288186787341	9.869617262485086	-30.84671079622875	9.393683855865323	31.47364674164371	52.43443597308689	69.2024314731639	101.95654353425265	113.16702071723785	101.93234529546412	93.39865983503677	109.23927789070308	109.2728118553496	95.41173521020708
58	72.98371036411012	183.65337390148437	139.75270662795643	196.1710045927328	232.3031158707504	265.63459259902015	292.28874314038467	343.16280751599874	364.6049816160902	356.04963420278426	347.92661460115846	375.94993607090834	381.95174003838355	370.4636409168522
59	-70.78194065716954	32.330201501665876	-15.418466758808952	33.3580447358379	61.15727923445066	87.67773213718235	109.04867894667467	150.9115226312736	166.16935720215295	153.47715733938216	143.9430095901562	165.21751446972772	166.44742953630794	149.92839037752503
60	-170.37251187073224	-96.59118557221139	-134.436154558258	-101.98418165922072	-84.8011437968018	-69.2752023437222	-56.82856345712583	-32.080627932569136	-24.88539249494732	-36.18414575792456	-45.019277817231156	-34.00418565407817	-35.68588615794929	-48.05668199910104
61	-450.11379361381233	-276.26754921047944	-390.618368282096	-319.5812621204257	-291.93929916507426	-258.5052859310239	-228.98081033103995	-161.79974524297666	-145.345933184892	-191.9113159109231	-232.63389060388224	-200.52117463218485	-216.083372553615	-277.3182815221009
62	-106.17564120744923	-57.848837483722484	-79.76412370770953	-58.39445605910577	-47.250880047841065	-37.065693945603584	-29.20462257998832	-14.21561518392347	-9.825495074582687	-16.012507690950006	-20.688222222185498	-14.294871825881925	-15.001988746458728	-21.43569270130341
63	-360.2359051621481	-249.84347665863163	-318.82145079340813	-273.6249556328923	-255.0961087538607	-234.73882282367302	-217.66536657925437	-179.72498629830008	-171.68045530763104	-195.6526506802716	-215.49511236401085	-200.49182392557717	-207.55467442185923	-234.69109839772642
64	-173.27183908132972	-106.67938648063063	-140.6044678382108	-111.49604464496501	-96.98958561817822	-82.1763159193817	-71.24033409767343	-49.57213802908342	-43.42482439394474	-53.52314008959696	-61.401004124537174	-51.92691080702076	-53.530752512680166	-64.42001038418245
65	-394.2548451885858	-233.69015624414513	-336.67020647682295	-268.79925993864344	-238.23505341504728	-205.59754592144617	-177.3229527134883	-114.93946997558807	-98.18565015833859	-136.33174313273489	-168.92792283595722	-139.61316860932465	-150.144216175585	-198.88778777049305
66	123.89857577404361	231.92975377844465	191.15231636773217	247.24274773897483	284.12489627815165	317.7638430474701	344.54789831957754	395.21532198554473	417.1740574886399	410.24550702755266	406.1304923355864	431.0150931357607	437.91351519752794	428.14741870411166
67	-321.8059445760685	-182.59809461016482	-266.2883006628518	-206.09257360436123	-178.41687161321948	-148.5302102368951	-123.26399369042136	-69.51130049846664	-53.68230636956763	-82.24446516776116	-105.9417036206251	-80.64062106731815	-86.7509986496645	-121.63852519745916
68	-132.76235684336413	-80.76234444605491	-105.24000989620144	-82.31325270362446	-69.9556390958438	-59.157289993484575	-50.70727394208753	-34.3886933731815	-29.653602078789234	-36.66343484517237	-42.01724118761914	-34.992562923724364	-35.89386544413235	-43.26744305377581
69	-127.5029044069559	-59.55332215306429	-92.88674179970175	-62.62113749810938	-46.52551903909484	-31.859199304393194	-20.196794803894818	2.6860505521951343	9.594771870536299	-0.0834409349740815	-7.558051196051371	2.702112382974766	1.57779439843099	-9.000592565730406
70	-117.84728513316655	-49.84192334199983	-82.93587171401447	-52.53242953991634	-36.35734328624823	-21.547163227273302	-9.779483644010863	13.263904917448354	20.301867860174426	10.74974766983543	3.3895317063779	13.769710745598088	12.749320665277216	2.280455069695961
71	-147.74093807891907	-61.84558151394071	-105.15664973164851	-66.5388061001456	-46.09234171489906	-26.858248884928194	-11.375539430183487	19.365372562033997	28.98234448322233	16.251417127591335	6.338400075536936	20.62326913436827	19.344461064051814	4.964590752826695
72	-122.57811086536537	-36.46242469488509	-78.81255737033631	-39.63029733305886	-18.663863803660735	1.1561681849671661	17.072970155464624	48.48468516188149	58.649563957766745	46.46012137937781	37.04438387908509	51.85725008693876	51.040951287598524	37.15388610760361
73	-189.35654417723129	-78.82397683323312	-137.0838757510843	-87.0677964989346	-61.16987616535771	-35.33048140945273	-14.186727643127401	28.54536645708702	42.02466870553806	24.51187484810922	10.67075432796739	31.261687820939304	29.689973831879772	9.028011590394652
74	-266.5960550222065	-137.45539683567426	-209.03982276277225	-152.46488106023835	-124.8525322048526	-96.08853085719531	-72.10270785268543	-22.222395837237517	-6.936936494868344	-30.562849162274734	-49.74967158112713	-25.442632976270165	-29.096909025133908	-57.32333465979247
75	-206.33478346571795	-144.35420213711114	-176.2878196526425	-149.54736359400388	-135.06861189105098	-122.78386787566396	-112.9950080342404	-93.5521727986829	-88.31033954038168	-97.91933911729201	-105.43348348940165	-97.1434167883151	-98.90137418798761	-109.09199815639681
76	-294.79678405154897	-193.46332207617905	-252.53501585644594	-207.9735814680902	-189.04231395592006	-169.20154446640058	-152.81145881216963	-118.64750939054757	-109.91425266183258	-129.37613520811607	-145.1801906705076	-130.34149932788074	-134.97209618653199	-155.65631153341917
77	-163.5648617044124	-16.976712088956223	-91.06173451863881	-20.852724253879977	18.929651886501222	58.78057435776269	91.88973086903547	157.89173873690987	183.45371543839317	163.355830539044	147.86800675406394	184.96054726081988	188.10217103130756	161.8513438853521
78	-126.6134852684332	-72.69047903735712	-98.22971291552807	-73.76707137893175	-61.7052222664626	-50.44577725005844	-41.614348332738494	-24.519066075909343	-19.53319328585018	-26.867635040018246	-32.478668923333004	-25.07935147893504	-26.01338892736578	-33.434364041949614
79	-135.9761521693735	-50.336690665598205	-93.02638165906198	-54.320610927749165	-33.722285209137425	-14.319000243858332	1.2803986381359158	32.1624642431395	41.96934383232421	29.541113491104348	19.898644473914196	34.33781358819132	33.26801906865013	19.183912340009616
80	-123.35303488513799	-37.60350470533958	-79.81324039122487	-40.82563314151714	-19.97138281243105	-0.27577721255240045	15.540148715743484	46.756749163558965	56.83681636792391	44.678520402672035	35.28390431891456	49.98618963078835	49.14683710669733	35.30822628089963
81	-154.19550732954255	-68.71491152077105	-112.09733759804028	-73.79835066744165	-53.56940925125442	-34.588040152119305	-19.301161788593074	11.0980588124864	20.51063784387274	7.692802450670876	-2.307400755311064	11.752004205273709	10.349605269217433	-4.088833669410974
82	-17.612927847165196	47.39904651061096	18.33916912569867	48.4278365182533	65.08082198059456	80.47337695126258	92.58445025921729	115.82741217799024	122.2023466885472	114.38016813831943	108.51572559281563	119.30186769790795	119.27437527542583	110.47088014290568
83	-78.20829558042117	-31.752975341683225	-52.80646883202823	-32.2608600017875	-21.543207739579323	-11.775472502476076	-4.209530126472449	10.211724062617172	14.437588023158733	8.493247873035187	4.002285602117912	10.152595503972003	9.476360897479319	3.296266526043947
84	-136.62175558560594	-72.20779631328409	-104.08700516550455	-75.57795690016023	-61.009855628886164	-47.14271868601792	-36.14322774441938	-14.584674289896773	-8.126421595589918	-17.395452771319025	-24.569591294762912	-15.138222149779264	-16.346973750986322	-26.403035733167155
85	-88.17127660232495	-40.291129156940926	-61.99248098218099	-40.81784845242811	-29.773089587815022	-19.707130083868037	-11.911181127812405	2.9516295735336726	7.306032807124698	1.1782580962733677	-3.4513035509861107	2.8866432125629466	2.188858287190162	-4.181354260235743
86	-27.830770355706616	64.40383333605382	23.251788288169656	67.03843909149116	92.40418316753104	116.19157976034748	135.1838417554902	171.94197107340105	185.3841263139664	173.27565184728812	165.55480219713132	183.9474104231268	185.29405306975823	172.71576211127226
87	-283.1388265846865	-213.02628979641017	-252.67326935911237	-223.47038578529123	-210.42177791428682	-197.2154579232303	-186.53983346749217	-164.7682056661403	-158.0010728653225	-170.55589693864536	-180.59254255635506	-171.83663669823864	-174.9287981111247	-188.25224011646296
88	-55.82262898483598	12.091572030758767	-19.26254644908354	11.809258988792669	28.35583549740576	43.96038983093128	56.30001782264219	80.17159084411685	87.96420021680767	79.27976569199959	72.69747292038895	83.74536542858625	83.38509795454881	73.69108266862524
89	-387.7939794722364	-226.86085422012707	-329.4181607816796	-261.0625666237011	-229.97711259956628	-196.84542263801842	-168.17494958177224	-105.09864471521274	-87.8138313733974	-125.53221977677435	-157.70821769135205	-127.75338957860653	-137.7863796767705	-186.0757109023516
90	-265.32472500027706	-196.18579637677234	-231.6616689795856	-203.0447539021287	-189.99929473908043	-176.9221431890732	-166.38183442988185	-145.01316703924465	-139.7239745629149	-151.58041365072	-159.3004462566097	-150.6122586755375	-153.3663222881043	-165.94660778758654
91	-295.7233582707253	-226.76523174903943	-262.70452304313295	-234.5731972494247	-222.1664956063954	-209.56032107116968	-199.36495757247937	-178.5228008036402	-173.65787959272203	-185.9286105451074	-193.6600644146289	-185.39001769396037	-188.50697955019243	-201.47050834703276
92	-55.630709565702546	9.802828036174919	-20.432494496153527	9.44624579633645	25.603764875285876	40.66960791332795	52.554029999711915	74.68129191843602	82.06654228120226	73.7036543915129	67.36212944958243	77.85177561281073	77.45569209797081	68.1560098342453
93	-292.3382928485633	-223.36003295648288	-259.24771987172556	-231.0623208741609	-218.58448984926346	-205.92586927170464	-195.69209410287533	-174.79130730010033	-169.8791410049251	-182.10373813764176	-189.8339201827278	-181.51731103421747	-184.5938620507428	-197.51471446727948
94	18.221901131617507	72.7312527627065	48.59636316609742	73.5581190045619	87.17129097183252	99.60653152264346	109.30304503670823	127.7802059960599	132.32180298481092	125.80815710461124	120.93279567606491	129.25691239709406	129.02648890908995	121.90475036823814
95	-122.38956131100659	-36.99071088946897	-78.99407754806853	-40.162045094555516	-19.384345266138627	0.22740716160480898	15.972559110590494	47.040709397933455	57.0739164610039	44.98393812360998	35.64458157376516	50.2729677321922	49.442451089931325	35.685995639029365
96	-12.528800560119171	37.179704444473906	14.719932395314297	36.68622859749987	48.31942650302048	58.94359281709741	67.19462387595044	82.93470312720353	87.66427043408754	81.38043633511708	76.63730696285917	83.4509209383261	82.83236021752015	75.79540014209215
97	-13.258047950077323	36.449853571781944	13.987556754769985	35.95574202175982	47.58659405094936	58.20908027559382	66.45890654637986	82.1971873577251	86.9253399039514	80.64015299074366	75.8958191185868	82.70819208537847	82.08857498732621	75.0546395909958
98	-12.70400921265496	37.00435079944575	14.54397215068844	36.51072221874102	48.143356505061014	58.76711916160052	67.01786075861013	82.7575079174934	87.48673531461301	81.2025761890975	76.4591574242313	83.27247323550762	82.6536587099758	75.61742534259824
99	-165.80603630998075	-88.19706169418453	-126.55216397941115	-92.67655699066827	-75.57445466917962	-58.94629800478691	-45.604924527379204	-19.093937256910813	-11.240026378344917	-23.058180724617998	-32.2900082343111	-20.18181806956114	-21.808244092797008	-34.753645721737115
100	-14.011305200688053	38.633728204980514	14.903694537460536	38.27103982263749	50.83323945734092	62.34242214842923	71.31206507051029	88.44870353057787	93.74747657900599	87.15948571035474	82.19183784538295	89.74684430967183	88.42828646939581	81.50021792591988
101	-15.683204318619705	36.958670169490915	13.215347648884194	36.58745122102971	49.13795452136336	60.63870675470073	69.60227640310637	86.72980547722582	92.02137562741932	85.4264666238334	80.4526337323183	88.00124256658059	86.69288730557838	79.75803532218033
102	119.23399145402117	171.0580596295727	147.73005387682898	171.31047823361425	184.28521329809973	196.01375611973933	205.1106291799053	222.32370591030437	227.86141899213698	221.79487401245865	215.63196706938174	223.4039850360337	223.3058230034211	216.9228784799451
103	-241.99328306887926	-170.49813565629313	-209.54741067388642	-179.15614155827802	-164.9452421455021	-150.81367989851003	-137.96368828158342	-115.39513634996301	-109.60256457144364	-121.73200746800377	-131.35970184846013	-121.79575737143622	-124.3963194449859	-137.40498134738698
104	-195.28427874119743	-130.91347988059593	-162.32083707655866	-134.83693180579473	-121.40207896509578	-108.39941274129451	-98.04101070670585	-77.50803453265164	-71.8561239217648	-80.86150417102697	-88.57644921740687	-79.90095033178989	-81.65851025262	-92.19104005760508
105	-46.591057443242974	1.784742874993741	-20.114677176321347	1.273572934744339	12.438973612442199	22.615454378774164	30.499005818425065	45.525825280361374	49.935837509066076	43.75403978824331	39.03970778197381	45.451193113500345	44.75817222485572	38.33622148469094
106	-5.743478674065601	52.85988669169883	26.735436143797628	53.54236795069255	68.17125058707546	80.78796817337557	91.27016699125765	111.32183716723775	117.86057686782485	110.7605470000415	105.43249189052739	114.57824673985655	114.34390724006215	106.52484104328184
107	-41.213030712572284	11.829976161723105	-12.351280536274205	11.443523922056803	24.06100097589336	35.66030797246809	44.709635878533796	61.49927902221857	66.80231141570651	60.078631897529014	54.9918083853671	62.59847164989723	62.02660279237706	54.823277627905085
108	77.99139571026345	128.05972199440467	105.91390616312735	128.44402089850723	140.51092981724335	151.4730548631239	159.05580019010412	175.24034523220163	180.28102611774392	174.2162001755094	169.6694780749005	176.78339504680633	176.36705422151158	169.90327473435042
109	-116.86650028692091	-50.94543581243447	-83.0244816771128	-53.591660372809564	-38.309402814247946	-23.837441784920497	-12.235904266814865	9.923915992825656	16.660820515613498	7.426739431464588	0.3124356990082828	10.261599598356748	9.249078178615251	-0.8433285778186232
110	-113.48429199691367	-43.93421313555263	-76.80871937067286	-46.01767934790488	-29.923241130054603	-14.629930831444776	-2.4768642507998373	21.304505909135436	28.635877611149915	18.920217896188138	11.442751220883823	21.977771432834558	21.03380863109891	10.459281059244637
111	-154.26216648729502	-99.44771987560684	-126.04022906279772	-102.00205604665598	-89.8013593160798	-78.35403156940524	-68.65289494907326	-51.423605859304125	-46.51061048861284	-54.22176842433249	-60.158597086115606	-52.736677105490976	-53.85075613178976	-61.999439089598525
112	-167.15412832749954	-112.37814607752058	-139.13339051534513	-115.18715944941763	-103.10505510242261	-91.74350558667422	-81.96700728270802	-64.84619200636455	-60.01939986591304	-67.81371455174933	-73.82518972302465	-66.48078373524422	-67.66133379175535	-75.87941929364183
113	-193.72420347857326	-129.40824548709764	-160.74682315936187	-133.27338874639474	-119.82770342760395	-106.821069602333	-96.46102386319127	-75.93161911626282	-70.2701136606533	-79.25640121336797	-86.94539306401974	-78.26503214165675	-80.00601687438018	-90.50917473504934
114	-110.25866277067098	-55.3129276317277	-81.34998053578316	-56.997986551342464	-44.392504229840775	-32.65239383688236	-23.20848557069795	-5.608948111332619	-0.4017194649569978	-7.82904252680908	-13.511083903415022	-5.824589196733357	-6.711785901997375	-14.623580545667425
115	-134.31612141011357	-58.62171823662449	-96.18076660476648	-61.65408000938615	-44.34965849146696	-27.714486301211863	-14.4156576980046	11.808369982614416	19.864947473082296	8.9056886515425	0.41379640845879034	12.36552860098244	11.179788009948707	-0.9678962155226548
116	-91.3353792655692	-36.44949454659528	-62.193900533355546	-37.76018775675816	-25.009472862621752	-13.170365677765032	-3.8961186115987783	13.856107016289771	19.1743692757267	11.886820608004003	6.327837202815387	14.106057561521038	13.317370927521575	5.527263324196598
117	-90.05499159115793	-35.1652947952663	-60.89357315496539	-36.450748992097964	-23.688282076045347	-11.840674902154763	-2.5602891444290137	15.188531999242525	20.515328999175477	13.236013177947026	7.684419845574399	15.470313934029502	14.68820761481346	6.904970351043378
118	-383.0288977308632	-297.77530072068794	-350.93598774300017	-314.1686740595245	-301.4192227505589	-287.36619884322937	-275.6895104177213	-250.6752788160691	-246.04397735969823	-264.1749483539293	-279.02069173344944	-269.43476737620915	-272.78917330034426	-292.1673277585069
119	-439.82374305547154	-348.61354705791575	-409.29130358184375	-374.28882801950675	-362.22497086579574	-348.17044538911136	-336.31889751820336	-307.72516383696905	-304.0962975182256	-325.60963211898854	-343.4717128601884	-334.3504685770314	-342.0335490537252	-365.1463257264952
120	-267.67696228904686	-201.9449510171927	-237.9983688215204	-210.35781264501878	-197.65680895790615	-183.04950307591952	-173.18115121738253	-153.17184449447234	-148.29469147067022	-159.53549825784427	-168.4558437691877	-160.18272754168515	-162.76623605211185	-174.62960285079382
121	-211.37441266876252	-148.4944461651752	-180.99688288796517	-152.29959745921573	-139.49676716379466	-127.04666971210942	-117.11919206115446	-97.37745679523856	-92.07852647352267	-101.90134701195454	-109.58990008264965	-101.18168457100398	-101.86093086980117	-112.246928237773
122	-338.59283064056063	-269.20900917181694	-310.2498582966053	-282.12822203924173	-270.3718870753532	-258.1410218899786	-248.18729327061803	-227.55201334568957	-220.9245755337532	-234.24716150987476	-244.98953437383548	-237.09867115085186	-240.8738674600849	-254.85269829680928
123	-263.44825949278766	-182.7683453322378	-228.2012116625988	-194.10237138606715	-178.49844944176445	-162.67256428029134	-148.39489631675994	-122.52234283018485	-115.9959547069001	-130.42558497302034	-141.9818570950823	-130.99337217553548	-134.29017667433635	-149.9622245907006
124	-579.3333285039125	-310.3274359751975	-508.31151734059574	-397.1207201401541	-357.88143159144124	-300.9004336629175	-245.10864882698604	-101.18302121126972	-54.610451223164986	-160.12905983420274	-269.1131082210237	-166.4452046584772	-180.32968458825468	-307.026403213788
125	-104.1497401350795	-44.157171471488695	-71.96708824822976	-45.561986739676996	-31.817786637151354	-18.91831633169089	-8.750415681320737	10.991542110103385	16.940183001762673	8.766163159223963	2.4796422703082053	11.127575442981907	10.249471655939038	1.5299078289496095
126	-241.89305610924748	-150.53412665878864	-201.35697319791234	-161.98559949810092	-143.34089731308657	-124.45761481806174	-109.05723384576955	-77.6328957977221	-68.44772253996956	-84.4817538350497	-97.3181148037509	-83.55889800425847	-86.74547694082744	-104.63015972809629
127	-210.38923813001844	-155.33213847918435	-182.83542515848853	-159.01514671762175	-147.23698306821092	-134.75864610449054	-126.15271102103424	-109.23662756147903	-104.65257781740061	-112.79734187712226	-119.11490442603547	-111.9601300738903	-113.37398518724493	-121.9027385719817
128	-312.41445584661363	-191.98900285969867	-263.646424516892	-212.3027528718699	-187.7174010950894	-163.34137714595596	-142.9510058632139	-99.92305292200842	-88.4072272751757	-112.56154894853702	-132.4035650722839	-113.01031145588615	-118.6536941231599	-146.83839707643008
129	-57.320121215029964	52.955195671911234	3.1011000414365286	56.24412868062828	87.31708121300125	116.91992650721556	140.82276640255333	187.58539336955212	205.2634374988238	190.93920679914757	181.5473733179965	205.89433785729392	208.24800578021828	192.42932621115588
130	-2.01530112936146	63.533593365520055	34.64674620823849	65.16705875696634	82.22709625550178	97.94429146934773	110.30051792065926	133.95572314257595	140.47970099026915	132.79463198722908	127.06362137359271	138.13470412184108	138.27371003320545	129.56834406824774
131	-1.5097476170471769	98.35768608073062	55.59561172400382	104.48957863897044	132.54791669139087	159.72659100109016	181.4767108059447	223.44977901642352	239.6533756084404	229.2618767354307	221.77044192001512	243.6167737836708	246.24262336922496	233.26941665436263
132	-207.04380559237427	-116.25459375074787	-165.07656051194718	-125.24249305946822	-105.6313974855661	-86.08454600019834	-70.21292092450665	-38.15820878756229	-28.577670667500986	-43.58466702868249	-55.491469084623475	-41.0950815054359	-43.52234578495755	-60.396003958269276
133	-3.9798410548111733	107.5489832357042	60.127812033761714	115.62332225255744	149.4853243195199	181.3063104624644	206.91020376601637	256.4841287802914	274.13141894855914	263.18016535596365	255.4391186568359	282.0468482132645	286.14949464513995	271.9547602802062
134	-90.04431391200275	0.4598181433004622	-42.15651196455468	-0.5332823529586327	22.37199146901045	44.227078050514386	61.754726637510736	96.11300453004347	107.83185937323752	95.85556415638268	85.99967804574158	102.57362863970452	102.57129341387079	88.79951447868373
135	-171.32654284488106	-87.38507397805299	-130.7266208639758	-93.478577191578	-73.89476464137924	-55.69743084900667	-41.024199455868	-11.72354208777301	-2.918450200115409	-15.891210560359564	-26.062055246037207	-12.696938125362106	-14.421660545207066	-28.92108795016816
136	-162.35752617820356	-78.3391246836233	-121.34545926800057	-83.90076582110463	-64.14864446945107	-45.74805598526444	-30.924373736685357	-1.3914423489385441	7.6031734177002335	-5.182457214843881	-15.181599933428988	-1.6343326720121534	-3.199630775078867	-17.529328181012914
137	-169.80796410629713	-85.85346948010775	-129.13826028083673	-91.85692107810395	-72.24461151681642	-54.01286389013211	-39.31415908348954	-9.974174506975023	-1.1369936017839786	-14.078070307464523	-24.21984347211707	-10.823885809915476	-12.521615484973577	-26.99230525041395
138	-368.0594811404387	-288.68841352002136	-337.6454754877916	-305.9536905370353	-293.3842401318322	-279.8474706598032	-268.69229047918293	-242.94879522891895	-238.58058973642147	-254.99697792253775	-268.3821928210187	-259.4920469117241	-264.53277508133095	-281.9702216423871
139	-71.79463608724986	29.822527799483893	-17.325496042743932	30.920921418469323	57.885925620629045	83.8671638702514	104.79274216786504	145.7799473188382	160.6352074427165	148.0509924158388	138.5839461104781	159.3229919409619	160.41471198088627	145.23361000462353
140	-46.59670047825781	33.137717254917774	-3.2408610022215596	34.065418281742524	54.925227339155605	74.48806985854733	90.03945448719719	120.16368467115369	129.27554473534764	119.46779839601982	112.08939769190744	126.52939270911611	126.78853852849463	115.4277946591957
141	-19.676442054340004	82.35818099238583	37.77613437242743	87.434332511976	115.9029252037763	143.3957254951509	165.44742939713373	208.17456091193293	224.49928525621695	213.43320016614982	205.37060029991082	227.55442696053774	229.95717912950792	216.21953101006687
142	-37.44486313562155	70.6779943089114	22.44205274175191	74.63971212438427	105.51117625084049	134.7318317811165	158.26169608014797	204.07763925933708	221.59775037633054	209.5536342300294	199.1880158982887	223.08611029203857	225.72003166038257	210.8961472126326
143	-27.160164197414904	30.32096609587025	4.317021361083075	30.439503244319095	44.53989754499935	57.532307490237336	67.7044484982425	86.2755627250723	92.47522932583394	85.34005623558988	79.95887808506934	88.72376398119378	88.34117787616451	80.53778694319001
144	176.58506611057206	284.3162918556083	245.92200721828104	303.0808893054132	341.74001191030464	376.6571684958146	404.3711852077871	456.3811160146434	479.6392162006588	474.3129096009952	471.66404086687504	501.0949555026294	505.3039630951291	497.1214059790008
145	100.8521352931116	226.37321718980505	180.51288149361216	247.05876981323271	289.1986790702735	330.0360666037119	362.88619731244466	425.5784635623007	453.7576428037034	446.73172230631246	442.99988501567566	479.6404062369695	489.6334695626253	478.6723121143859
146	109.2326061577992	234.86894607966852	189.52493661326068	256.3848647752242	298.8833485802478	340.05794725152316	373.1636869461848	436.26100896012184	464.78045097470937	458.09946973901947	454.6922876146776	491.68608548261494	501.99612275035435	491.3807085198203
147	21.85683296143889	131.8874355763886	85.75430731931039	140.51922144280803	174.4186806294101	206.04484227805384	231.41731831525843	280.2763380133546	300.05485912049346	289.8458548976892	280.6765266843097	306.99936154156967	311.4996644133378	298.3990160531071
148	-131.3139663574655	-51.26243921852843	-90.34300727943756	-54.950519039633285	-36.47190185847811	-18.70870186530856	-4.493566883764183	23.53296464065203	32.27802779382063	20.63025990266232	11.851466936229494	24.655359950442886	23.57161064364707	10.868633715548448
149	164.15860299288937	290.55034938633344	248.59036610663364	317.50852603923676	362.3571241523524	405.7418203454308	440.52283325311765	506.27490963290956	537.0244497296704	532.6042164999576	531.3248394744379	570.6340289580435	583.0215282229426	574.6721311635264
150	-31.928477865302654	22.382767346502824	-2.2647673521885165	21.972298345558148	34.9150634705332	46.8211796610516	56.12240418845561	73.93867001257928	79.46475505216101	72.60505296404936	67.42267683624634	75.31596875252824	74.03295298646243	66.78559215650542
151	-44.53378530913439	38.757163420656724	0.9090942977940685	40.05166786182573	62.0768446364396	81.94021539367866	98.29123118021148	129.99542693228665	141.1142417132822	130.9686160130292	123.35491124055916	138.80382017213788	139.25015160137974	127.40469145772933
152	-162.88448262973074	-113.68752496167576	-136.4891485171225	-114.81915850907126	-103.6300009525273	-93.34543924743677	-85.34827938429157	-69.68998693089985	-65.29933504073469	-71.79482856824177	-76.73509231970836	-70.24670675746091	-71.0751080035477	-77.84543717116928
153	-45.08578632019662	10.008230091084702	-15.185348976614605	9.61007452185147	22.803282969121202	34.96609748358001	44.47521827416118	62.14301424577526	67.77950573776951	60.77920870059685	55.47953317383875	63.54879643203099	62.99769777216709	55.44428049001732
154	85.87295907372419	168.14259899562384	135.84870599126086	176.64848067951834	201.62713444448914	224.35123306167077	242.26681851131326	273.5856650324535	286.85371491950593	279.4709949859485	274.3438369560621	291.67954382598197	294.18597343953877	284.93577081130945
155	-81.61466007036374	-16.83672194805264	-46.85874754360413	-17.949611756302083	-2.5951078764744016	11.80536363621052	23.180143929274884	45.24326757111149	52.15049711229936	43.03265089508177	36.54960404847718	46.46418834319199	45.80633883310529	36.45836450458773
156	185.85259413423398	380.17042114568744	321.0429206843751	437.277909508961	527.535612935433	612.8422955434119	683.7889310054082	821.41652638246	898.4157888447927	912.6794068473415	925.1224402312757	1030.3208092658192	1083.0120449528379	1097.193044757452
157	-197.1478850917918	-55.16435717695958	-129.87913580201706	-63.502643390982996	-27.47080356432429	9.042130214631687	39.423847993697194	101.51560615817728	123.00503954959748	101.29987881116408	84.17604180434107	117.15146839019812	117.8126529455045	90.18816172104638
158	-130.0367395733888	-82.35018631769243	-103.9884563086013	-82.90465440683265	-71.91361076983641	-61.89400408772812	-54.13232531199378	-39.33511086900943	-35.00361421491907	-41.113881233646254	-45.731178950126385	-39.425040957397094	-40.12466108337476	-46.475930750503835
159	-174.38884518054917	-80.16234404352646	-129.12379190994525	-86.92402250635385	-65.3027948827949	-44.02501721940234	-26.789676802627767	7.66496605759075	18.299566437572032	3.6484261574283527	-7.866801825766394	8.157421647372376	6.487658204595428	-10.250607408341944
160	-38.337738898861346	69.79950126967037	21.515019814884674	73.69837670730132	104.54101465133654	133.74169077942943	157.25730528598766	203.05403919223983	220.55279473796298	208.47857996910088	198.0952397177816	221.9741102887765	224.58512189940276	209.7305628889609
161	-79.39698146870914	-27.296862667213784	-51.35383721869503	-28.191065607187152	-15.954989072146741	-4.89078990495581	3.7507287218872287	20.356528639916164	25.31868876081893	18.526905177978165	13.368028248276369	20.594348015611054	19.86529801778583	12.67092130687921
162	-603.8377567321722	-396.46148608218977	-557.6014098740426	-479.17046887943553	-459.2395802041188	-427.8682716378626	-394.9097313569008	-319.3108414608397	-309.20533856329996	-389.47405782257255	-464.972509836463	-439.9886540783252	-483.82504819731787	-607.2169204171331
163	-180.9584605657211	-61.99696276318092	-123.90148331037209	-69.31525286478706	-40.385867882487496	-11.472166945746638	12.008749400828517	59.48720785215382	75.52287333527015	57.22867784315736	42.83256367196022	66.60050998448276	65.75330815221831	43.702848221413575
164	-94.44400641605405	-45.873440179615095	-67.96278189826396	-46.4781683680006	-35.277258847644816	-24.996612650470457	-17.090598890715256	-1.9970858652528736	2.43002795366712	-3.8056057244354125	-8.522347474528333	-2.0702333380179523	-2.782918090326216	-9.281034544518626
165	-247.5206064436464	-79.91882519395686	-172.0907200004546	-92.96369857536314	-51.13284941371954	-7.346780061518575	29.827796516523346	107.59870874728766	136.56484608086436	109.05213334905528	86.91648143830929	130.9515620806362	132.482709177394	94.77299542612135
166	-347.86854273320546	-234.0375680950469	-304.2674462808442	-257.1235597169521	-237.24396253490536	-215.5998250239634	-195.9892939945814	-157.72239635445678	-148.70590443503414	-172.96637764407149	-193.0203162229706	-176.747015632583	-183.5339456587643	-211.25403682890735
167	-137.7321800188294	-73.21667366667278	-103.87107746092794	-75.69599470799254	-61.30483262652885	-47.60980679982656	-36.74923351815189	-15.466387608030752	-9.186554518008718	-18.22700259636456	-25.30890977939421	-16.01827068852133	-17.21741896623908	-27.13674553130551
168	213.60687392858384	362.11432335747065	318.3828517464235	403.7598421634134	466.4876904320332	523.9355492687614	570.3856518905417	658.2771568253238	697.7189938078976	699.0098570123271	703.8777102305414	761.0368464964581	783.8394770550981	780.854702501643
169	-117.31301850341055	-64.57042040660289	-89.45398528242885	-66.14046016573649	-54.100645510319886	-42.923912063155456	-34.18084674020449	-17.158506749267648	-12.274219130923717	-19.367005762524318	-24.786921567098	-17.562545570667215	-18.441099223676343	-25.944679522742486
170	-306.7141369265833	-194.46395839739478	-261.07524050591275	-213.48481743409673	-192.15173889295767	-169.55673707814768	-150.76432953645124	-110.52167310525193	-100.34568098413484	-122.61835226581823	-140.84846069145559	-123.56901158115163	-128.90381954328768	-154.47697555383533
171	-304.3306435229092	-192.04977989645133	-258.52425140472343	-210.85113408483048	-189.4050251054814	-166.72341322219162	-147.86572019681577	-107.54190654099976	-97.27892818834961	-119.46387428404152	-137.61183291891246	-120.24344730750482	-125.49885900460309	-150.98584188790502
172	16.39502859566589	179.36724240624903	114.56341448807623	201.86996240312007	258.65470005254724	314.65493524738304	360.8785580445363	451.60259195170727	494.4951678601975	486.3866388883086	482.86887882697897	541.3864755677279	559.9163843678219	546.1486352941646
173	-53.54946320888055	18.11718141325804	-14.908415223118103	18.142374556994586	36.25227385267478	53.19576888261349	66.61115723647288	92.57002457699103	100.17687422257904	91.11403460073392	84.25628224055352	96.36394317176016	96.18003062020334	85.92730197706517
174	-10.328463384436708	74.9594940325401	37.649534375838414	78.40966097920521	101.00157952427602	122.8360787599095	140.200725241188	173.65279611232953	185.8522074610894	176.24165392216906	169.1550793134019	185.7796262102264	186.91456640369984	175.466467073044
175	-181.48055373685656	-94.14685324836319	-139.6176298655456	-100.04441900219365	-80.81301128440617	-61.881273363423574	-46.58066186918231	-15.930494315069723	-6.7520689013931925	-20.478736689233124	-31.27091202130091	-17.27048467156102	-18.99944264796951	-34.27730847934399
176	-203.68586740908475	-116.55053820281968	-162.88729844759726	-123.61616338382011	-105.09303469201917	-86.69230067712334	-71.78542341236208	-41.74426390802427	-33.06378657068133	-47.28302143035774	-58.527951534640856	-45.00866535396141	-46.92341642897444	-62.66220163809617
177	-76.22151403443958	30.88487047622658	-18.759712142858376	31.90934270114985	60.92178393936203	88.68157944175988	111.098576010867	155.09941591970878	171.23976134810638	158.0143145479361	148.07604376189093	169.35863623404435	170.83260315378976	154.89343536422683
178	-184.28440383344525	-99.86766246823659	-143.98963302551073	-106.74567594198446	-87.28806395660393	-69.22385320713454	-54.63531337002859	-25.4019965527126	-16.773968818399926	-30.10931288382608	-40.6009825412088	-27.360114214700484	-29.313984414392912	-44.176372437664284
179	-49.540595746536006	32.064992598334996	-5.247204002888942	32.95556735686676	54.323847732513734	74.38892761344471	90.35289048142579	120.20285947780263	130.8828399155209	120.81284360400338	113.2338767595039	128.1315404135379	128.42057798280317	116.72770963940216
180	-254.34689543329162	-138.77922013616103	-203.80649134657114	-153.09423440794376	-128.5301262781691	-103.25039342271589	-81.75009469278693	-39.00578571074913	-26.364360418131405	-47.15991464380628	-63.95452574691686	-43.91279923151735	-47.46365158373743	-71.80361798634115
181	9.409698150430245	120.25690505390986	73.86235327274176	129.36857530805437	163.52790425600514	195.5145536243835	221.21958527012544	270.855558689769	290.8453992112976	278.09071114696104	270.7852906432088	297.53477728411366	301.9430061831428	288.262157008528
182	-9.716459430425234	101.06591416649846	53.636918160391396	108.5205001955909	141.83195151864533	173.1713802180163	198.38995481828664	247.2622658913254	266.6173375956427	253.40793437513815	245.50006940734005	271.5995018008228	275.4292963873021	261.1226468115246
183	-162.96005735424922	-59.78444044282064	-112.55893277436611	-65.11616093848825	-40.70125764099753	-16.667171523113698	2.8729863800165707	42.0069204268557	54.768654107667295	39.20205679155611	27.02287643499581	45.90893797142452	44.428887145571	26.41179222891124
184	-345.80044103858927	-192.08613260037654	-286.2787498262505	-219.7100408511497	-189.3265548500741	-154.7994540876344	-126.50002760358645	-65.4499496842239	-47.58255349559367	-80.56784533950034	-108.26432137945659	-78.52363507982942	-85.69062265723844	-127.34110618392432
185	114.2516563672684	168.7997307174184	145.69272365180618	169.41283832745012	183.6071108806991	196.41089813646192	206.35809479422196	225.13479452694997	231.44488755734594	225.37263910508182	220.8932085304165	229.47888092496083	229.5527763557323	220.67501405733415
186	238.13124682892268	315.3187521040175	289.5964406703935	329.49359298795554	351.83288279322994	374.9407266508632	392.97504886785947	426.3443807478461	440.4120676251886	435.68895874160336	432.8593188013687	450.3911399956745	454.2749093782005	447.69373596899743
187	4.2551051922865435	66.39780174230494	39.021540870816835	67.76633247039301	83.70443605063767	97.26391811691107	108.70506486404776	130.57790526208598	137.92432586149343	130.59350531905704	125.12049295463618	135.28096045852874	135.28074752082074	127.07409625020557
188	55.72776246590802	130.88880028506262	99.92779317219792	136.22826995956856	157.65052714453364	175.4942041748312	190.88767421742637	220.1324113197675	231.0059160117581	223.37125000013086	217.8714793504801	232.33524763569673	233.68930469796157	224.56640816300646
189	48.47092792208597	125.53003395664847	93.57720169394766	129.39571270469258	151.297882137755	171.34874615994684	187.16230824051513	217.25027480196678	228.42518706847864	220.50694343098888	214.79008744110664	229.68993198711553	231.0581873558198	219.46320496509313
190	130.44722515356602	238.87692633042772	198.2824048008295	254.7695639756749	292.0707934112129	326.05489179236827	353.10774974068636	404.236784889642	426.5095659754704	419.7852372347646	415.8683261940544	441.06006462661816	448.19841703535104	438.6166523707577
