ID#	Ra(deg)	Dec(deg)	Extinction	Magnetic_Field(uG)	TotalUpperBUncertainty	TotalLowerBUncertainty
0	49.849410000000006	31.02869	1.306603193283081	-95.30131585512034	118	421
2	50.012520000000016	31.126040000000003	1.2429472208023071	590.2564415368656	2303	212
3	50.08925000000001	31.64013	1.001220941543579	186.77745607067237	436	186
4	50.11581	31.944129999999998	0.8720928430557251	151.7669243250581	251	267
5	50.18621	31.76695	0.9868234395980836	345.6854690266593	802	267
6	50.189230000000016	31.201759999999997	1.350156545639038	99.86921802120608	163	120
7	50.23199000000002	31.60075	1.5984244346618652	110.48383070395515	266	103
9	50.247140000000016	31.02774	1.889332056045532	48.88296602854868	116	84
10	50.24958000000001	30.848440000000004	1.0845348834991455	501.81014157809966	1460	368
11	50.25013000000001	31.22124	2.025963544845581	20.402816360525073	83	74
12	50.30499000000001	30.99768	1.980569124221801	110.55447351404185	915	70
13	50.37152000000002	30.951729999999998	1.0919462442398071	175.58445462824642	243	175
14	50.44955000000001	31.89139	1.7840577363967896	109.88912560644033	229	79
15	50.45063000000001	31.24205	1.0106050968170166	250.38408194269027	226	249
16	50.55728000000001	31.20588	1.5162607431411743	122.03142926462318	132	108
17	50.59103000000001	32.10835	0.9319931268692015	-163.83266807877078	293	289
18	50.61890000000001	29.695359999999997	0.9801870584487916	-499.8079517916079	447	349
19	50.64575000000001	28.97552	2.092642307281494	-111.73363391316238	69	150
20	50.6463	29.133609999999997	1.6540472507476809	384.9488987974488	2454	216
21	50.64872000000001	31.20035	2.165404796600342	16.984115207664107	169	57
22	50.68300000000001	29.56505	1.9403306245803835	-205.45678684335084	70	721
23	50.74281000000001	31.06418	1.8399659395217896	245.4487974392546	202	121
24	50.78311000000001	29.19962	1.2038934230804443	-299.9488572230146	237	313
25	50.83320000000001	28.90758	1.6312596797943115	-249.6906594782801	115	853
26	50.83547000000001	32.16422	1.6465412378311155	468.25225316301146	769	169
27	50.85423000000002	30.01892	0.7643551826477051	-903.0790290849257	857	427
28	50.86062000000001	29.047009999999997	1.7021610736846924	219.7864070426501	161	113
29	50.86195000000001	29.38008	2.31160569190979	-197.6607030761129	53	1377
30	50.87244000000001	29.28552	1.8004593849182131	-381.28729198689837	111	702
31	50.896510000000006	28.945320000000002	1.610483169555664	-85.9543951724131	104	106
32	50.90513000000001	30.076490000000003	2.20246696472168	-80.69052856741745	65	381
33	50.90781000000001	29.576259999999998	1.6451449394226074	-252.82034669203063	153	158
34	50.938490000000016	31.74977	1.5310076475143433	-98.84485982241068	98	569
35	50.94280000000001	29.384209999999996	2.279424905776977	-177.1541512021721	65	812
36	50.97348000000001	31.75484	1.5795271396636963	-198.51705550043664	118	1179
37	50.977030000000006	28.903709999999997	1.9452135562896729	143.61149587308284	1159	80
38	51.03970000000001	30.10207	2.224785566329956	125.13118710211704	138	71
39	51.04601000000001	30.10075	2.224785566329956	100.98387894142851	116	66
40	51.046230000000016	31.091359999999998	1.5193850994110107	376.1561883720983	151	226
41	51.050440000000016	29.37108	1.4824339151382446	-305.39518014819083	174	227
42	51.06359000000001	29.58092000000001	1.1444165706634521	-327.96720121817316	273	290
43	51.07550000000001	30.704309999999996	2.6388044357299805	71.54681875747046	149	52
44	51.08218000000001	30.70161	2.6388044357299805	80.21698451073297	165	52
45	51.09807000000002	30.876379999999997	2.8515548706054688	-1.9698059792509668	52	52
46	51.10239000000001	29.82811	1.9010851383209229	294.0962809714405	245	120
47	51.10568000000001	30.87309	2.8515548706054688	12.982389340928679	51	49
48	51.14155000000001	31.683359999999997	1.7148094177246094	-133.01769053059877	84	278
49	51.16390000000001	31.70103	1.6292734146118164	-115.15250523470252	96	722
50	51.16868000000001	31.47908	1.742984414100647	54.48481555740182	102	86
51	51.16905000000001	30.109579999999998	2.0451316833496094	-20.075535315836717	73	75
52	51.17472000000002	28.742359999999998	1.7583539485931396	-45.055378875277135	85	99
53	51.19258000000002	29.98867000000001	3.2515997886657715	-19.080901729106394	39	273
54	51.193730000000016	30.82878	3.58421277999878	56.9498171878187	71	45
55	51.20127000000001	30.82824	3.58421277999878	61.06073710445246	72	42
56	51.229290000000006	28.7047	1.4872163534164429	-1025.1801040300315	541	1418
57	51.24238	29.36937	1.4367358684539795	377.58888464316664	143	211
58	51.24895000000001	28.75337	1.438032865524292	43.70729914143568	124	123
59	51.25587000000001	32.17657	1.2655880451202393	-326.6891077529152	238	1315
60	51.29218000000001	31.47676	2.144716024398804	-91.59957271910265	58	98
61	51.29868	28.734240000000003	1.4773342609405518	-366.97709449352135	205	114
62	51.300320000000006	28.987040000000004	2.077472448348999	31.247054096561374	122	80
63	51.31276	29.091959999999997	1.674418568611145	239.5440306848145	442	116
64	51.31906000000002	29.8315	1.758995532989502	61.95901533612405	118	101
65	51.32284000000001	31.28663	2.440863609313965	-87.53411333391766	64	76
66	51.39706	29.026320000000002	1.0894156694412231	-316.5153093955772	249	198
67	51.42621000000001	30.10618	7.096508979797362	-47.769673417330225	33	38
68	51.42660000000001	29.166459999999997	0.804385781288147	-684.6157059819819	634	821
69	51.43404000000002	31.980859999999996	1.597557544708252	-266.76598383612355	140	520
70	51.46178000000001	29.145970000000002	0.9311642646789552	-699.614913304239	559	1364
71	51.49614000000002	31.48528	2.758617877960205	-98.3763455220345	58	74
72	51.50229000000001	28.755129999999998	1.1641110181808472	-256.55653399633644	232	241
73	51.51826000000001	32.17038	1.7188221216201782	292.9788264656288	1984	111
74	51.52349000000001	28.96841	1.3119453191757202	-190.12253641066903	167	828
75	51.53274000000002	30.17479	4.2830071449279785	-70.98650799819556	37	56
76	51.57442000000002	31.45662	2.709388256072998	-48.18159444775171	51	49
77	51.58042000000001	31.454909999999998	2.709388256072998	-37.830461457424825	48	47
78	51.58412000000001	29.08432	2.083102464675904	-48.42957958751227	72	168
79	51.58837000000001	29.082659999999997	2.083102464675904	-20.25447842289429	77	99
80	51.59432000000001	29.36332	1.6226264238357544	-65.03903773292599	95	161
81	51.63153000000001	28.77465	1.4126132726669312	-132.71171763725206	132	206
82	51.781270000000006	29.81535	3.035245180130005	-137.7937574431987	57	134
83	51.795270000000016	29.022609999999997	1.7482078075408936	-197.03794726335957	77	204
84	51.80401000000001	29.706490000000002	1.2776564359664917	17.899353656510147	149	149
85	51.81703	29.90749000000001	3.9216930866241455	-62.815080419238605	36	94
86	51.83461000000001	31.80377	2.091397762298584	-35.71299208282465	66	75
87	51.83515000000001	31.80848	2.091397762298584	-21.589615382430765	64	67
88	51.84136	31.804240000000004	2.091397762298584	-56.09772038497609	69	88
89	51.84522000000001	31.16793	2.87424635887146	65.30994973027757	101	57
90	51.87394000000001	30.24705	15.614900588989258	-22.068111175313515	29	30
91	51.91465000000001	31.40258	2.8716089725494385	-62.736909533972145	47	68
92	51.92582000000001	30.19466	9.586883544921877	-30.31800117657843	29	31
93	51.93425000000001	30.94952	1.9695948362350464	93.940506234735	99	81
94	51.93958000000002	29.066029999999998	2.543134450912476	-215.3484607056364	52	1167
95	52.01503	30.97761	2.729243755340576	28.049497731181265	59	59
97	52.02843000000002	29.44414	1.1627353429794312	-247.7833942196204	189	630
98	52.09405000000001	29.001659999999998	2.623230695724488	-194.38528389612426	52	181
99	52.09914000000002	29.005190000000002	2.623230695724488	-227.15153839084763	54	209
100	52.10475000000002	30.71353	2.8437857627868652	25.216938679996424	53	52
101	52.11130000000002	29.018140000000002	2.623230695724488	-223.50282451226437	60	208
102	52.11468000000001	30.8918	3.806918621063232	87.2423883806132	50	47
103	52.12113000000002	28.981509999999997	2.0997552871704097	-20.978799960548834	67	68
104	52.12625000000001	30.8459	5.156177043914795	47.89981299088318	36	31
105	52.13153000000001	30.84587	5.156177043914795	47.16485061835661	35	30
106	52.13879000000002	30.8443	5.156177043914795	47.72323125918541	36	31
107	52.15028000000001	29.36554000000001	2.3192174434661865	-78.26238929450447	50	130
108	52.15879000000002	30.836	4.208803653717041	50.55387912537726	35	32
109	52.16818000000001	30.83172	4.208803653717041	48.84789888374947	34	32
110	52.17958000000001	31.65348	4.458932876586914	184.6152017230133	216	46
111	52.21766	29.509259999999998	2.503032922744751	-169.06592832469775	69	115
112	52.23070000000001	29.52873	2.9006187915802	-124.04024877894493	46	203
113	52.29434000000002	31.53165	6.927295684814452	11.901810027716985	33	33
114	52.29890000000002	31.00102	3.3742024898529053	67.53406048402091	57	55
115	52.33462000000002	31.11236	4.0688066482543945	23.60392923310295	39	38
116	52.37863000000001	31.36905	4.973970890045166	140.35749058682427	61	50
117	52.49627	30.6062	2.80450439453125	-39.71620575229059	56	62
118	52.49979000000002	30.6105	2.6438422203063965	-31.31644501464968	55	58
119	52.51526000000001	30.54888	3.737828254699707	-91.17757038114159	50	100
120	52.51596000000002	30.55472	3.737828254699707	-104.5901316954847	52	113
121	52.52029000000001	31.19632	2.9040842056274414	-122.43864963309771	68	168
122	52.52152	30.551440000000003	3.737828254699707	-45.39712990507973	38	58
123	52.52382000000001	30.603920000000002	2.3862595558166504	-46.260659338438785	64	93
124	52.53309000000001	30.548029999999997	3.7501380443573	-25.853629602763313	34	42
125	52.537940000000006	30.54715	3.7501380443573	-24.521651087288863	34	41
126	52.54026	31.4094	2.050169944763184	-310.8919496110604	121	87
127	52.57639000000001	30.92626	1.8935058116912842	-374.5563303843207	223	158
128	52.58012	31.77265	2.7736427783966064	-199.52935279974457	86	283
129	52.60245000000001	31.7878	2.980852127075196	-142.33656493661238	60	223
130	52.65380000000001	31.87367	2.556478500366211	-276.4186971955676	103	501
131	52.66157000000001	31.51275	2.186198472976685	-183.89458625679	90	93
132	52.67073000000002	30.19187	0.7857041358947754	-416.73855112631384	550	431
133	52.74033000000002	31.568009999999997	3.2389278411865234	-32.916884291869174	57	60
134	52.75047000000001	31.368129999999997	1.928282618522644	-148.83011602056519	95	413
135	52.79483000000002	31.65152	3.6945583820343018	-147.70150895208866	50	93
136	52.79718000000001	32.05842	1.4910933971405032	-197.7897761333456	156	139
137	52.80512	31.9214	1.653225302696228	89.18198069024035	81	86
138	52.82475000000001	30.79208	2.852445602416992	82.7257002883855	82	54
139	52.82956000000001	30.79073	1.821968674659729	135.69040089005	99	108
140	52.84279000000002	31.05725	1.9458383321762085	-109.94068897410851	90	319
141	52.88883000000001	31.852959999999996	1.639056921005249	153.76005899109228	118	117
142	52.90963000000002	31.907290000000003	1.993356466293335	21.87173468211213	76	74
143	52.91336	30.67597	2.1243054866790767	-76.91488866094754	73	65
144	52.914350000000006	30.67189	2.1243054866790767	-66.90980985620833	66	65
145	52.91863000000002	30.67545	2.1243054866790767	-75.22089025338722	72	64
146	52.97608000000001	31.07814	2.19769549369812	-301.54026909869464	148	127
147	53.03296000000001	30.43473	1.7818940877914429	58.56171061806859	112	111
148	53.04498000000001	30.66222	2.2580280303955083	55.22673537983143	79	75
149	53.06639000000002	31.75768	1.784237027168274	118.56406823608351	86	91
150	53.07485000000001	31.75597	1.6916640996932983	107.98780496110008	100	89
151	53.105150000000016	31.086759999999998	3.457828998565674	44.320526122831325	50	38
152	53.14973000000002	31.8378	1.7315526008605957	352.5598932985975	581	117
153	53.16704000000002	31.8621	1.4972474575042725	300.4228927283113	449	122
154	53.16751000000001	31.853009999999998	1.4972474575042725	310.5388060522853	464	124
155	53.16795000000001	31.833779999999997	1.6749823093414309	179.49809247367318	272	110
156	53.17493000000002	30.33564	2.270000457763672	-38.31197466683388	53	54
157	53.17950000000001	31.84918	1.4972474575042725	376.83897369058093	562	146
158	53.189960000000006	31.413079999999997	3.900543451309204	34.569461599041446	52	50
159	53.22401000000001	31.720340000000004	2.1664698123931885	61.981294879498904	89	58
160	53.25366000000001	31.338440000000002	5.3209757804870605	-104.41455891401695	46	50
161	53.27499000000002	30.879070000000002	3.7426960468292236	22.34892236289227	42	38
162	53.28603000000001	30.84678	2.2195489406585693	205.46009047146703	95	123
163	53.32389000000001	30.7891	2.908586263656616	-3.405667625237081	64	64
164	53.34784000000002	31.835990000000002	1.05868399143219	566.2346332821579	1552	400
165	53.37714000000002	30.10605	1.306583285331726	-31.001525794353032	122	164
166	53.37786000000001	31.29963	10.369733810424805	-72.4640249991358	34	34
167	53.46216000000001	30.384009999999996	1.8878221511840816	-68.53825689056711	98	467
168	53.46505000000001	30.520220000000002	1.6913213729858398	106.98262761788608	148	98
169	53.47305000000002	31.22038	4.282991886138916	-16.648622238129267	46	48
170	53.48111000000002	29.800990000000002	0.9374179840087892	-504.44528152162377	408	476
171	53.48962	30.3951	1.5256773233413696	-43.40741900663652	112	238
172	53.50767000000001	31.31107	6.173189640045166	-35.773745895806044	29	30
173	53.52233000000002	30.50256	1.141294002532959	-57.174107097278565	162	163
174	53.54593000000001	30.385759999999998	1.5583436489105225	-246.6582883271621	127	1244
175	53.54906	31.006859999999996	2.908069610595703	-63.015347462147325	46	74
176	53.56592000000001	30.74725	1.3085126876831057	489.8998805607837	1852	271
177	53.57104000000001	31.20293	4.085564613342285	-55.05826560688196	32	43
178	53.57778000000002	30.85472	1.5833051204681396	-201.43184779208661	133	1199
179	53.58024000000002	30.85073	1.5833051204681396	-198.57447038668442	131	1182
180	53.668940000000006	30.61526	1.1944154500961304	272.85253757637014	255	257
181	53.703100000000006	31.11464	2.5425045490264893	36.073944443349006	53	54
182	53.73774000000002	30.82371	2.125122547149658	102.62775671263569	76	72
183	53.77211000000001	30.78523	2.043807983398437	-84.17381531337274	67	68
184	53.778650000000006	30.78497	2.043807983398437	-109.13055386070248	71	74
187	53.80057000000001	30.78473	1.699633240699768	61.75287273221293	78	82
188	53.86513000000002	30.398870000000002	0.8503050804138184	195.74544076328118	378	299
189	53.87660000000001	30.54004	2.11026930809021	-90.69175396206604	58	104
190	53.87653000000002	30.77832	2.2080066204071045	54.61877306501349	85	54
191	53.87685000000001	30.62465	1.5525133609771729	-134.39597536835413	90	91
192	53.88812	31.57524	1.6487064361572266	168.3033508896447	109	109
193	53.89059000000002	31.57129	1.6487064361572266	145.7808083711176	103	103
194	53.928700000000006	30.32017	1.7425466775894165	-43.48919238705206	88	313
195	54.20081999999999	29.97743	1.2098981142044067	-201.90489164290267	161	756
196	54.31645000000002	31.24935	3.915883779525757	184.44169419357846	58	43
200	54.45766999999999	31.25416	2.422832727432251	358.558457582216	52	110
201	54.46612	30.93365	3.08431077003479	83.15771616039704	77	38
202	54.50125000000001	31.10292	2.4473440647125244	158.3978822497959	113	59
203	54.61360000000001	30.88435	2.3842902183532715	153.7127674305737	99	76
204	54.92383000000002	30.848159999999996	1.7142527103424072	301.24370545137725	225	145
